time,heuristic_obj,vns_obj,instance_no,job_perm,order_perm,heuristic,proceesor_num,order_num,job_num,exceeded
0.5645673274993896,80.61173099345021,80.61173099345021,1,llf,ml,ls,3,3,20,False
1.6684918403625488,144.55452679769732,138.27175945362455,2,llf,ml,bf,3,3,20,False
0.5726258754730225,114.70843616524002,114.70843616524002,3,slf,wp,fbs,3,3,20,False
0.5653698444366455,99.9924148867591,99.9924148867591,4,llf,ml,ls,3,3,20,False
0.5617282390594482,114.92759475897253,114.92759475897253,5,llf,ml,ls,3,3,20,False
1.145883560180664,134.15288811123133,127.53340119047908,6,llf,ml,ls,3,3,20,False
0.5751798152923584,115.04182495564476,115.04182495564476,7,llf,ml,ls,3,3,20,False
0.5718393325805664,99.77905533141139,99.77905533141139,8,llf,ml,ls,3,3,20,False
1.1089696884155273,119.0156264371493,116.94284862206018,9,slf,ml,bf,3,3,20,False
0.5781643390655518,121.87313851857755,121.87313851857755,10,llf,ml,ls,3,3,20,False
4.193027019500732,122.29721694403952,119.3338319113596,1,llf,ml,ls,4,3,20,False
2.0948851108551025,113.32487118424514,113.32487118424514,2,llf,ml,ls,4,3,20,False
4.142518043518066,120.23004389747706,119.86674021822947,3,llf,wp,ls,4,3,20,False
2.140850782394409,98.42765990913617,98.42765990913617,4,llf,ml,ls,4,3,20,False
4.0889482498168945,100.24140745782637,93.94292301284794,5,llf,wp,ls,4,3,20,False
2.1165246963500977,114.70074845619008,114.70074845619008,6,llf,ml,ls,4,3,20,False
2.097280502319336,104.68760116472293,104.68760116472293,7,llf,ml,ls,4,3,20,False
2.092334270477295,129.16837441358166,129.16837441358166,8,slf,wp,fbs,4,3,20,False
2.1262052059173584,101.07697224239116,101.07697224239116,9,llf,ml,ls,4,3,20,False
4.1562440395355225,118.14521671672965,116.70158688273935,10,llf,wp,ls,4,3,20,False
0.5672762393951416,103.7656989332253,103.7656989332253,1,slf,ml,bf,5,3,20,False
5.656383752822876,124.87047951170345,124.87047951170345,2,llf,ml,ls,5,3,20,False
10.951043367385864,116.04544239236537,114.95170865538702,3,llf,ml,ls,5,3,20,False
10.957526206970215,128.19069723024984,121.52004999782696,4,llf,ml,ls,5,3,20,False
11.010430335998535,108.84906201744373,107.97852848687921,5,llf,wp,ls,5,3,20,False
5.7682318687438965,117.7925721692306,117.7925721692306,6,llf,ml,ls,5,3,20,False
5.639613628387451,123.45508195886593,123.45508195886593,7,llf,ml,ls,5,3,20,False
0.5908350944519043,95.8908301362469,95.8908301362469,8,llf,wp,bf,5,3,20,False
11.326762437820435,116.64669150377588,114.47463126186258,9,llf,wp,ls,5,3,20,False
11.101506471633911,134.5794578748438,132.57520890066297,10,llf,ml,ls,5,3,20,False
1.9649415016174316,140.75685315883874,139.62666525392575,1,llf,ml,bf,3,5,20,False
3.9729177951812744,146.42765318311962,137.10372678203524,2,llf,ml,ls,3,5,20,False
3.2340831756591797,137.52447523886258,136.43371013879587,3,llf,ml,bf,3,5,20,False
1.9530837535858154,190.93198375522036,190.93198375522036,4,llf,wp,bf,3,5,20,False
1.9927029609680176,161.45871916487891,161.45871916487891,5,slf,ml,bf,3,5,20,False
1.9417614936828613,137.99775035124532,137.99775035124532,6,slf,ml,bf,3,5,20,False
2.6914494037628174,195.68037822609196,187.94567563712573,7,slf,ml,ls,3,5,20,False
1.9789347648620605,130.15855414490048,126.25765656341927,8,slf,ml,fbs,3,5,20,False
1.9339244365692139,158.26841939962927,158.26841939962927,9,llf,ml,ls,3,5,20,False
1.9320738315582275,164.05425911976496,164.05425911976496,10,llf,ml,ls,3,5,20,False
12.271607637405396,135.13028876666885,132.7633343499904,1,llf,ml,ls,4,5,20,False
7.290955543518066,165.06108714474337,165.06108714474337,2,llf,ml,ls,4,5,20,False
7.378059387207031,129.308482682627,129.26215755284642,3,llf,ml,ls,4,5,20,False
12.061632871627808,120.30257236584092,117.67143257167783,4,llf,ml,ls,4,5,20,False
7.438290119171143,135.11663867963176,135.11663867963176,5,llf,ml,ls,4,5,20,False
7.307941436767578,149.96532774845446,148.23034766906346,6,llf,ml,ls,4,5,20,False
26.856315851211548,134.08524385572053,120.85558381480021,7,llf,ml,ls,4,5,20,False
14.605398416519165,149.85468670944715,146.41327102302836,8,llf,ml,ls,4,5,20,False
9.723154306411743,144.41530386787088,139.0595187346339,9,llf,wp,ls,4,5,20,False
12.538309574127197,151.50430415855305,150.76392325235815,10,llf,ml,ls,4,5,20,False
58.47899532318115,119.40525711533256,109.72211320061007,1,llf,wp,ls,5,5,20,False
38.79261612892151,135.2798819555654,132.14777170556852,2,llf,ml,ls,5,5,20,False
32.027225494384766,140.0345953412522,135.72731797821166,3,llf,ml,ls,5,5,20,False
44.97395420074463,157.09615863529564,148.4548233119456,4,slf,wp,ls,5,5,20,False
19.406310319900513,145.99071432703983,145.99071432703983,5,llf,ml,ls,5,5,20,False
38.749393701553345,129.9072760243497,124.1401122687938,6,llf,ml,ls,5,5,20,False
19.36650800704956,134.38672852909065,131.38812875599876,7,llf,ml,ls,5,5,20,False
26.219053983688354,154.35247050436007,147.24909835675453,8,llf,wp,ls,5,5,20,False
39.224908113479614,167.04091820075988,162.86488940050168,9,llf,ml,ls,5,5,20,False
25.80926275253296,166.75859789371756,161.30531641516188,10,llf,ml,ls,5,5,20,False
7.32082986831665,243.60782092796467,241.5126400654411,1,slf,wp,bf,3,7,20,False
12.62340235710144,175.10927314094914,166.81077726224177,2,llf,ml,ls,3,7,20,False
6.607383966445923,215.51558610173683,212.65371341331664,3,llf,ml,bf,3,7,20,False
5.144988059997559,235.98790938354756,235.2518886426111,4,llf,ml,ls,3,7,20,False
5.862922191619873,137.81217117905467,135.30631635275395,5,llf,ml,bf,3,7,20,False
8.985634565353394,242.55376986346437,224.3173182743722,6,llf,ml,bf,3,7,20,False
3.70878005027771,220.53487624046386,220.53487624046386,7,llf,ml,bf,3,7,20,False
5.967232704162598,227.92241180829862,225.76859865098552,8,llf,ml,ls,3,7,20,False
12.957989692687988,180.25077657805264,170.85929907751546,9,llf,ml,bf,3,7,20,False
5.193138837814331,207.16347332908754,198.01977786192916,10,llf,ml,ls,3,7,20,False
19.503217458724976,186.73711799780878,181.84011055967096,1,llf,ml,ls,4,7,20,False
14.379151344299316,153.38809489731787,153.38809489731787,2,llf,wp,ls,4,7,20,False
28.022475957870483,190.4431311126374,174.7841171094227,3,llf,wp,ls,4,7,20,False
34.0315375328064,157.2380423307124,145.91946929650274,4,llf,ml,ls,4,7,20,False
13.86995267868042,151.672381539664,151.672381539664,5,llf,ml,ls,4,7,20,False
25.80602502822876,158.32231237815228,155.87440115739173,6,llf,ml,ls,4,7,20,False
25.128634452819824,256.65433982982586,239.72806307108388,7,llf,ml,ls,4,7,20,False
19.448189973831177,162.88938219020113,159.77774164837254,8,llf,ml,ls,4,7,20,False
66.7062418460846,210.95643665675715,197.94577970144005,9,llf,ml,ls,4,7,20,False
22.803032636642456,182.1761079946327,177.40243880447963,10,llf,ml,ls,4,7,20,False
133.62113285064697,176.29571336798548,167.0918041581404,1,llf,ml,ls,5,7,20,False
89.69519019126892,150.1418326863174,142.8406453686921,2,slf,ml,ls,5,7,20,False
67.07628631591797,191.19021128190852,190.7053647444528,3,llf,ml,ls,5,7,20,False
77.10666704177856,163.72344170270392,160.08573459384684,4,llf,ml,ls,5,7,20,False
52.812870025634766,175.5482440759082,170.2627322572097,5,llf,ml,ls,5,7,20,False
44.70409893989563,166.3492734950405,160.7777116855069,6,llf,ml,ls,5,7,20,False
51.946240186691284,175.33752764786408,169.6587492480832,7,llf,ml,ls,5,7,20,False
61.28859066963196,196.40661774796803,189.4779514034213,8,llf,ml,ls,5,7,20,False
96.65631628036499,198.68930436284882,187.74275955621613,9,llf,ml,ls,5,7,20,False
37.47720289230347,156.62451432701363,156.62451432701363,10,llf,wp,ls,5,7,20,False
24.3955819606781,266.30457593893505,243.16831070486438,1,llf,ml,ls,3,9,20,False
15.676369667053223,274.97467576748437,262.27324689231943,2,llf,ml,ls,3,9,20,False
13.110596656799316,224.22816867273247,222.9060110842649,3,llf,ml,bf,3,9,20,False
30.425541877746582,282.30243668045193,257.75867973225,4,llf,ml,bf,3,9,20,False
12.210686445236206,244.43163871104008,243.0893002086901,5,llf,ml,ls,3,9,20,False
18.72142505645752,310.6369114674026,298.52036792914885,6,llf,ml,ls,3,9,20,False
9.818004846572876,282.3317183469004,276.7014009635385,7,slf,ml,bf,3,9,20,False
15.906158685684204,245.07293416805294,236.28321688596458,8,llf,ml,ls,3,9,20,False
13.144559621810913,223.32455675293613,211.13250479866713,9,llf,wp,ls,3,9,20,False
27.568862438201904,256.4324731801836,243.7076562020493,10,llf,ml,ls,3,9,20,False
75.533864736557,204.28677123789475,193.68762547594284,1,llf,ml,ls,4,9,20,False
40.717313289642334,185.96004088175278,178.73475636394437,2,llf,ml,ls,4,9,20,False
99.71459794044495,203.42869703125479,195.69931342065638,3,slf,ml,fbs,4,9,20,False
40.67285704612732,175.69970835896274,175.27288188214595,4,llf,ml,ls,4,9,20,False
116.0988097190857,209.45852683977165,196.0260847051887,5,slf,ml,ls,4,9,20,False
62.39652919769287,201.7644693669375,197.0923699775566,6,llf,ml,ls,4,9,20,False
84.67955589294434,198.297749713683,188.35285681520338,7,llf,ml,ls,4,9,20,False
56.651811361312866,206.64154448074024,197.42136010902965,8,llf,ml,ls,4,9,20,False
64.2140531539917,227.47911776206234,221.75113717340645,9,llf,ml,ls,4,9,20,False
49.92131328582764,179.50225805033327,175.01263743101043,10,llf,ml,ls,4,9,20,False
398.25567507743835,206.46995704079683,194.27810345166827,1,slf,ml,ls,5,9,20,False
101.85209894180298,176.04868530857001,173.6226677023452,2,llf,ml,ls,5,9,20,False
194.49818015098572,157.5393296670805,151.73472188328833,3,llf,ml,ls,5,9,20,False
75.58254027366638,146.7492004564029,143.24983683446538,4,slf,ml,ls,5,9,20,False
129.34153723716736,171.03918402331107,164.55935019256114,5,llf,ml,ls,5,9,20,False
356.037246465683,192.7803923764543,187.1087698189184,6,llf,ml,ls,5,9,20,False
218.44190168380737,195.28616823770815,174.99315364957053,7,llf,ml,ls,5,9,20,False
166.59568667411804,191.35781249467556,179.19620766170294,8,llf,ml,ls,5,9,20,False
84.53285360336304,186.2381300036023,181.39992613616192,9,llf,ml,ls,5,9,20,False
189.35895466804504,188.78437154755093,184.87996228435156,10,llf,ml,ls,5,9,20,False
2.427208662033081,246.9911597762594,246.9911597762594,1,llf,ml,ls,3,3,30,False
7.29485011100769,187.5111640563348,174.9931474685342,2,slf,ml,fbs,3,3,30,False
4.72767448425293,228.97184536882162,222.46333804236664,3,llf,ml,ls,3,3,30,False
2.4072141647338867,238.45325500064723,238.45325500064723,4,llf,ml,ls,3,3,30,False
7.17909574508667,194.1594785339973,185.83942481588662,5,slf,ml,fbs,3,3,30,False
4.769810438156128,235.07027007328452,224.44630461861973,6,slf,ml,fbs,3,3,30,False
2.522240400314331,155.63902156834624,155.63902156834624,7,llf,ml,ls,3,3,30,False
4.753716468811035,238.74880608216083,216.25902708889254,8,llf,ml,ls,3,3,30,False
4.840579509735107,233.4564313118365,228.87776495782975,9,slf,ml,fbs,3,3,30,False
7.451183080673218,204.6058953393956,186.99721236077005,10,slf,wp,ls,3,3,30,False
8.802830457687378,133.09167330755582,133.09167330755582,1,llf,ml,ls,4,3,30,False
18.34764814376831,196.27164792429068,184.76780213722222,2,llf,ml,ls,4,3,30,False
17.680761098861694,116.07731846902213,115.33956531061132,3,llf,ml,ls,4,3,30,False
17.634217500686646,171.76726924086722,171.1970539804097,4,llf,wp,bf,4,3,30,False
8.894799709320068,151.78655710841272,151.78655710841272,5,llf,ml,ls,4,3,30,False
8.93343186378479,149.0524694605741,149.0524694605741,6,llf,ml,ls,4,3,30,False
8.967051267623901,187.82344909815743,187.82344909815743,7,slf,wp,bf,4,3,30,False
17.610350131988525,141.35778513757555,138.71798111252036,8,llf,wp,bf,4,3,30,False
8.940060377120972,134.94087607041251,134.94087607041251,9,llf,ml,ls,4,3,30,False
17.465534448623657,168.38269739942612,156.54072322826158,10,llf,ml,bf,4,3,30,False
68.5806086063385,137.03338817818462,132.41777906569382,1,llf,ml,ls,5,3,30,False
23.330448150634766,137.75897228961904,137.75897228961904,2,llf,ml,ls,5,3,30,False
23.952696323394775,143.40915919299135,143.40915919299135,3,llf,ml,ls,5,3,30,False
23.037737369537354,151.29731506265392,151.29731506265392,4,llf,ml,ls,5,3,30,False
22.641076803207397,154.21891006503193,154.21891006503193,5,llf,ml,ls,5,3,30,False
46.25621962547302,144.6862976459445,140.35342365586183,6,llf,ml,ls,5,3,30,False
22.764958143234253,129.6109363193538,129.6109363193538,7,llf,ml,ls,5,3,30,False
22.684154987335205,142.4518279580679,142.4518279580679,8,llf,ml,ls,5,3,30,False
23.067089319229126,139.18096521161212,139.18096521161212,9,llf,ml,ls,5,3,30,False
22.506598949432373,144.07363893832908,144.07363893832908,10,llf,ml,ls,5,3,30,False
13.489058256149292,214.90496614111464,208.88904978921823,1,llf,ml,ls,3,5,30,False
10.957756519317627,221.02042262433196,208.2890610474409,2,llf,ml,ls,3,5,30,False
21.891886472702026,261.2295141851679,248.46050135357234,3,slf,ml,fbs,3,5,30,False
22.62692928314209,308.4475216550441,294.52243604149584,4,slf,ml,fbs,3,5,30,False
8.023839950561523,302.988955554604,302.988955554604,5,slf,ml,fbs,3,5,30,False
10.776456117630005,295.6879940648513,292.6879940648513,6,llf,wp,ls,3,5,30,False
16.31017827987671,251.8025655612592,240.96406404421356,7,llf,wp,ls,3,5,30,False
13.393388271331787,242.2990354374897,232.8196374080544,8,llf,ml,ls,3,5,30,False
13.738377094268799,213.2341738699905,204.01684872283752,9,slf,wp,fbs,3,5,30,False
10.92622685432434,293.5863071889595,276.2288937215917,10,slf,wp,fbs,3,5,30,False
40.59707808494568,199.50723174232542,192.53857506224924,1,llf,wp,bf,4,5,30,False
102.55293774604797,250.0173501639,237.59711930838182,2,slf,ml,fbs,4,5,30,False
30.18478798866272,227.8251211039322,222.32259475917238,3,llf,ml,ls,4,5,30,False
41.803903341293335,176.96767687202313,168.15363135269078,4,llf,ml,ls,4,5,30,False
70.36062121391296,156.57049992821197,151.46477499561962,5,llf,wp,bf,4,5,30,False
71.29776191711426,189.16947553884438,177.97176062267982,6,llf,ml,ls,4,5,30,False
40.14744734764099,176.01590257209116,173.53955048636013,7,slf,ml,fbs,4,5,30,False
60.55329704284668,218.8450981458343,202.26536016346068,8,slf,ml,bf,4,5,30,False
51.20602607727051,188.27714089974117,178.55422950948773,9,llf,ml,ls,4,5,30,False
83.976083278656,176.5161113080532,172.71783770515248,10,llf,ml,bf,4,5,30,False
187.541588306427,194.71730453961263,178.1955826319073,1,llf,wp,ls,5,5,30,False
134.28034281730652,188.0528608910227,185.49764781132907,2,llf,ml,ls,5,5,30,False
136.38491535186768,201.13588183221196,200.79134908042928,3,llf,ml,ls,5,5,30,False
159.0358431339264,175.29818510564442,164.21661337330144,4,llf,wp,ls,5,5,30,False
133.38346791267395,176.9675388300012,173.8440300408111,5,llf,ml,ls,5,5,30,False
131.5018334388733,178.4275561339315,175.85150716634385,6,llf,ml,ls,5,5,30,False
130.64509963989258,180.46836331635313,171.2756558414598,7,llf,ml,ls,5,5,30,False
105.00184798240662,196.93781643067703,194.17894743744813,8,llf,ml,ls,5,5,30,False
131.53132700920105,164.70336479947903,161.16042364789251,9,llf,wp,ls,5,5,30,False
265.514000415802,201.23337132619287,191.14171839058304,10,llf,ml,ls,5,5,30,False
39.058138608932495,369.3798645438688,360.6859930823112,1,slf,ml,fbs,3,7,30,False
29.828570127487183,383.67907740917906,372.3132065892293,2,llf,ml,ls,3,7,30,False
29.86688470840454,394.9242637501202,373.0649429529147,3,llf,ml,ls,3,7,30,False
25.15992760658264,363.442251097613,349.60444938504986,4,slf,ml,fbs,3,7,30,False
68.55780792236328,312.19427524118225,298.25077315433066,5,llf,ml,ls,3,7,30,False
39.37202310562134,312.0777727910809,292.87143375558355,6,slf,ml,fbs,3,7,30,False
20.828007221221924,327.0399929117686,320.60753693061173,7,slf,ml,fbs,3,7,30,False
20.854020595550537,289.7018890325941,283.0586117936977,8,llf,ml,ls,3,7,30,False
33.07717251777649,317.6548236398566,310.8623763852513,9,slf,ml,fbs,3,7,30,False
32.92367076873779,349.6900944931603,337.0083132401647,10,llf,ml,ls,3,7,30,False
103.55366373062134,297.8303703055117,283.2564342222115,1,llf,ml,bf,4,7,30,False
263.1796066761017,239.63039730940739,226.14432911131553,2,llf,wp,ls,4,7,30,False
68.47067642211914,230.06241098042165,225.83678203463904,3,llf,ml,ls,4,7,30,False
70.21895694732666,226.87240800114606,224.59965132958988,4,slf,ml,bf,4,7,30,False
102.297203540802,293.68342643726896,285.87901288714284,5,slf,ml,bf,4,7,30,False
79.72395157814026,223.76645640708276,217.29602863143597,6,llf,ml,ls,4,7,30,False
148.16623616218567,244.3549900159692,231.77412214637198,7,llf,ml,ls,4,7,30,False
67.11240267753601,208.34238475454026,200.34238475454026,8,llf,ml,ls,4,7,30,False
246.3466019630432,231.7107325453283,215.63261660178208,9,llf,ml,bf,4,7,30,False
162.98860812187195,229.67047641656387,222.28145386025002,10,llf,ml,ls,4,7,30,False
643.4264464378357,228.94549235219276,212.52552383574465,1,llf,wp,ls,5,7,30,False
213.89626622200012,230.96774509586558,228.65431410487494,2,llf,ml,ls,5,7,30,False
333.13693046569824,268.6340953391809,259.8878295472533,3,llf,ml,ls,5,7,30,False
210.57495188713074,183.2271204315277,182.6093021912416,4,llf,ml,ls,5,7,30,False
304.48071813583374,206.01632839722592,204.81168607754583,5,llf,ml,ls,5,7,30,False
514.8335072994232,215.39465391507,204.8306158562567,6,llf,ml,ls,5,7,30,False
181.65996026992798,252.20527301431719,247.88008848268794,7,llf,ml,ls,5,7,30,False
340.29505014419556,209.70884734548014,201.70468660415332,8,llf,ml,ls,5,7,30,False
507.77921962738037,247.95731748980998,242.438083934627,9,llf,ml,ls,5,7,30,False
214.30031633377075,229.2073557071029,226.21704556446042,10,llf,ml,ls,5,7,30,False
86.33110690116882,320.9856591552275,301.4477788267936,1,llf,ml,ls,3,9,30,False
51.8236517906189,366.93252725980216,355.2607233812214,2,llf,ml,ls,3,9,30,False
113.40067648887634,416.0816199737675,375.97265905348763,3,llf,ml,ls,3,9,30,False
48.20344805717468,433.0130852759821,415.06095191288927,4,llf,ml,ls,3,9,30,False
86.47309899330139,438.1374321018998,425.07799365470555,5,llf,ml,ls,3,9,30,False
178.47031664848328,420.27430280413563,386.57810885751525,6,slf,ml,fbs,3,9,30,False
116.9580078125,330.74961441432896,301.77839910704284,7,slf,ml,fbs,3,9,30,False
49.71962523460388,410.31840901691936,394.6274757814704,8,slf,ml,fbs,3,9,30,False
62.43687057495117,411.4643940752536,393.42339481614766,9,slf,ml,fbs,3,9,30,False
156.37667989730835,453.7711300090029,414.07529085727634,10,llf,ml,ls,3,9,30,False
554.3372719287872,297.011339902995,282.3782666736986,1,llf,ml,ls,4,9,30,False
309.8330798149109,261.52455457516567,245.46919615018913,2,llf,ml,ls,4,9,30,False
249.04418182373047,300.8992993885473,290.84504764220713,3,llf,ml,ls,4,9,30,False
463.14819169044495,313.8322504666038,290.13125333102676,4,llf,ml,bf,4,9,30,False
277.3247480392456,301.404320893535,291.74735285162126,5,llf,ml,ls,4,9,30,False
112.7300980091095,290.0808310629059,286.0808310629059,6,llf,ml,ls,4,9,30,False
325.092577457428,360.2994935959457,335.78425036111844,7,llf,ml,ls,4,9,30,False
174.32952117919922,298.25348939217974,274.50707343506156,8,llf,ml,ls,4,9,30,False
188.37859964370728,245.22140607320972,235.35006975858894,9,llf,ml,ls,4,9,30,False
124.73101735115051,278.7837588603859,257.87298869386893,10,llf,ml,ls,4,9,30,False
1143.995097875595,259.0959782772916,234.60196675937266,1,llf,ml,ls,5,9,30,False
467.5753002166748,215.90363693943172,213.2998407035715,2,llf,ml,ls,5,9,30,False
567.0109152793884,239.68526941127305,231.95369493103402,3,llf,ml,ls,5,9,30,False
266.25878620147705,291.9784610224316,291.9784610224316,4,llf,ml,ls,5,9,30,False
434.2861702442169,277.63515325740036,272.54863209465543,5,llf,ml,ls,5,9,30,False
513.7520871162415,254.06378473006387,241.89228557328374,6,llf,ml,ls,5,9,30,False
365.060986995697,229.72142914336612,224.65102774953465,7,llf,ml,ls,5,9,30,False
268.91077160835266,278.3451227770785,278.3451227770785,8,llf,ml,ls,5,9,30,False
866.7972433567047,249.77481055302047,237.445467141035,9,llf,ml,ls,5,9,30,False
633.5652000904083,242.51710329727953,242.43179519059774,10,llf,ml,ls,5,9,30,False
14.321536540985107,380.2618756936712,377.25056281613865,1,llf,ml,ls,3,3,40,False
6.81219482421875,360.364315968544,360.364315968544,2,slf,ml,fbs,3,3,40,False
6.798260688781738,226.10636636173,226.10636636173,3,llf,wp,ls,3,3,40,False
13.853964567184448,336.39292036861434,332.1456926152865,4,slf,ml,fbs,3,3,40,False
20.022961854934692,288.48175026799436,272.3531306630544,5,slf,ml,fbs,3,3,40,False
6.667020320892334,311.1913463145137,311.1913463145137,6,slf,wp,fbs,3,3,40,False
13.539457559585571,271.90399461002323,260.86074243147425,7,slf,wp,fbs,3,3,40,False
6.754769563674927,333.9339374171141,333.9339374171141,8,slf,wp,fbs,3,3,40,False
6.900055885314941,306.240303272596,306.240303272596,9,llf,ml,ls,3,3,40,False
20.272875547409058,340.4692032096002,328.96069850670665,10,slf,ml,fbs,3,3,40,False
48.968318700790405,282.09027272309754,274.9204366004401,1,slf,ml,fbs,4,3,40,False
48.29734182357788,298.58850014731485,291.61457058843644,2,llf,ml,ls,4,3,40,False
124.28192067146301,269.41001865350455,253.23849009847294,3,llf,ml,ls,4,3,40,False
72.9130232334137,255.23083458135997,238.44805251261067,4,llf,wp,bf,4,3,40,False
48.92558813095093,298.6820935730474,279.9908322121969,5,slf,wp,ls,4,3,40,False
25.043272495269775,221.7277190690262,221.7277190690262,6,slf,ml,fbs,4,3,40,False
24.59297251701355,289.71548593210105,289.71548593210105,7,slf,wp,fbs,4,3,40,False
24.912822484970093,236.98930293961044,236.98930293961044,8,slf,ml,ls,4,3,40,False
122.16171455383301,214.73520768748938,198.17680259786846,9,llf,ml,ls,4,3,40,False
74.22900152206421,268.56434046867736,251.0847204093214,10,llf,ml,ls,4,3,40,False
62.39172339439392,190.78835299104742,190.78835299104742,1,llf,wp,bf,5,3,40,False
124.9629476070404,226.43433439894596,218.59806343256025,2,slf,wp,bf,5,3,40,False
126.2012448310852,194.74897456538838,178.5759178299058,3,llf,ml,ls,5,3,40,False
127.36102151870728,171.40634862830245,170.03644426717648,4,llf,ml,bf,5,3,40,False
64.15782618522644,181.04754977505377,181.04754977505377,5,llf,wp,bf,5,3,40,False
125.66213297843933,190.5207043331585,176.85905891040056,6,llf,wp,ls,5,3,40,False
64.33290767669678,169.31748901467813,169.31748901467813,7,llf,ml,bf,5,3,40,False
63.52051758766174,174.8223868230803,174.8223868230803,8,llf,wp,bf,5,3,40,False
190.6510307788849,165.35674728184702,157.30291326895411,9,slf,wp,bf,5,3,40,False
125.13544940948486,188.37188584452787,174.9884632095464,10,llf,ml,ls,5,3,40,False
67.1077401638031,369.505289386545,335.80493336426275,1,llf,ml,ls,3,5,40,False
113.7112340927124,366.5813292229476,351.47025764348643,2,slf,wp,fbs,3,5,40,False
53.19120717048645,380.51588934290953,367.85146678232763,3,slf,ml,fbs,3,5,40,False
82.16453337669373,421.16286778022504,403.4297611415712,4,llf,ml,ls,3,5,40,False
29.994547843933105,381.5498525248498,376.205179788893,5,llf,ml,ls,3,5,40,False
60.122127294540405,446.5678998135845,417.1217154397573,6,slf,ml,fbs,3,5,40,False
119.11030197143555,434.1741588081692,396.74580291099346,7,slf,wp,fbs,3,5,40,False
113.64759182929993,455.79793133393275,433.21977378160847,8,slf,ml,fbs,3,5,40,False
112.18404984474182,466.73267712547226,411.25859997890564,9,llf,wp,ls,3,5,40,False
38.92847204208374,357.55815396140105,341.5864397400948,10,slf,wp,fbs,3,5,40,False
198.10559272766113,293.2039849224598,270.2208110825192,1,llf,ml,ls,4,5,40,False
253.97723031044006,278.58304974331395,253.29216830182145,2,slf,ml,fbs,4,5,40,False
288.44025015830994,274.7494305665492,238.62943662054263,3,llf,ml,ls,4,5,40,False
375.87197732925415,299.6474269965535,274.0835115932865,4,slf,ml,fbs,4,5,40,False
168.18573999404907,300.91285560521055,282.30488053709246,5,slf,ml,fbs,4,5,40,False
195.25584149360657,405.9854835144439,387.3864332138219,6,llf,wp,ls,4,5,40,False
309.71838545799255,283.29899456010196,262.0361450589619,7,llf,wp,ls,4,5,40,False
168.84898328781128,230.1954770702049,224.2593497327398,8,slf,ml,fbs,4,5,40,False
358.85234355926514,314.8570920654091,285.93695224225655,9,llf,ml,ls,4,5,40,False
141.1212728023529,317.64871840831364,303.44570899780126,10,slf,wp,fbs,4,5,40,False
438.4876284599304,210.37091302673355,197.53478999195593,1,slf,wp,bf,5,5,40,False
365.44635701179504,209.28079078057573,202.34040907998263,2,slf,wp,bf,5,5,40,False
216.20541954040527,222.00376486082112,222.00376486082112,3,slf,wp,bf,5,5,40,False
667.0693533420563,220.90699535101936,211.32378875766335,4,llf,wp,bf,5,5,40,False
368.4351487159729,203.42140136106434,201.47930533315437,5,llf,ml,bf,5,5,40,False
295.61776518821716,237.79905852267325,235.81581868887537,6,llf,ml,bf,5,5,40,False
512.2478532791138,296.5795501099648,272.1289341894699,7,llf,ml,ls,5,5,40,False
1065.0523691177368,251.72580722460324,206.75523619210054,8,slf,ml,ls,5,5,40,False
433.99201488494873,185.53746534329048,176.94565632130866,9,slf,wp,bf,5,5,40,False
585.178923368454,265.8995692124467,243.38010082889002,10,slf,ml,bf,5,5,40,False
125.65605521202087,473.2304570687117,458.7071127629879,1,slf,ml,fbs,3,7,40,False
131.74101328849792,449.06696112832947,427.6900368099491,2,slf,ml,fbs,3,7,40,False
104.85923194885254,480.9877529555458,474.39463374642156,3,llf,ml,ls,3,7,40,False
150.19920468330383,597.2904848147393,566.6019685572187,4,slf,ml,fbs,3,7,40,False
198.56973528862,479.11795157841783,444.8447411154869,5,slf,ml,fbs,3,7,40,False
65.9702787399292,397.2277268012619,375.7969306982917,6,slf,ml,fbs,3,7,40,False
199.9432017803192,468.5945625928322,424.96202723529115,7,llf,wp,ls,3,7,40,False
117.0460205078125,460.42621670543707,453.3227596993017,8,slf,wp,fbs,3,7,40,False
150.5265829563141,452.1914008634774,440.0056448629287,9,slf,ml,fbs,3,7,40,False
115.6312165260315,443.4026275668721,408.40326187182455,10,llf,wp,ls,3,7,40,False
248.72252655029297,350.96672036146884,332.5342379742574,1,llf,ml,ls,4,7,40,False
216.49249935150146,330.8649619906025,308.07846214741625,2,slf,ml,ls,4,7,40,False
714.9279890060425,298.8429144138331,264.8367243277015,3,llf,ml,ls,4,7,40,False
219.28614354133606,351.5571777371436,332.0316484485956,4,llf,ml,ls,4,7,40,False
464.6747968196869,457.1280205832538,410.0561708167293,5,slf,ml,fbs,4,7,40,False
749.1591093540192,347.1623565709552,302.44292081143897,6,llf,wp,ls,4,7,40,False
279.7713363170624,333.59655610139845,318.647140789514,7,llf,ml,ls,4,7,40,False
279.0578329563141,315.3138479959889,290.6264103417669,8,slf,ml,fbs,4,7,40,False
589.659435749054,360.9959202265322,327.9645489886725,9,llf,ml,ls,4,7,40,False
1067.8201265335083,386.5966558391596,352.93102820035364,10,llf,ml,ls,4,7,40,False
1876.2007656097412,299.4824434293526,271.9567115168312,1,llf,wp,bf,5,7,40,True
492.7512791156769,248.20669797950455,242.59969056578439,2,slf,ml,fbs,5,7,40,False
1271.3329219818115,306.4378160125949,278.94133212083614,3,slf,ml,fbs,5,7,40,False
493.7177858352661,264.28385307367853,250.20201860739985,4,llf,ml,ls,5,7,40,False
815.9858379364014,273.2820175290101,248.52460352145434,5,llf,ml,ls,5,7,40,False
1552.8998346328735,300.9677672353938,275.9484146342761,6,llf,ml,bf,5,7,40,False
1816.2994310855865,285.4265102699269,259.3255450049221,7,slf,ml,bf,5,7,40,True
994.2575771808624,272.3867315741403,252.9037145414216,8,slf,ml,bf,5,7,40,False
1238.0259792804718,277.7381751394014,256.7938434627009,9,slf,ml,bf,5,7,40,False
1159.7116487026215,267.31472652660125,258.5084043018517,10,llf,wp,bf,5,7,40,False
270.4023687839508,552.9808615424408,529.888050500421,1,slf,ml,fbs,3,9,40,False
170.1598083972931,534.6015164735273,508.0603285328138,2,slf,wp,fbs,3,9,40,False
381.3608615398407,601.8770755319836,566.4766392530611,3,slf,ml,fbs,3,9,40,False
361.82721066474915,536.851590567919,502.0821943950354,4,slf,ml,fbs,3,9,40,False
89.80487155914307,482.9093075523507,459.3270947747689,5,slf,ml,fbs,3,9,40,False
332.0939757823944,530.6234551251059,490.2251348887634,6,llf,wp,ls,3,9,40,False
355.3917999267578,553.875347183149,532.0375581419294,7,slf,ml,fbs,3,9,40,False
161.4718096256256,563.7394560289824,533.468258881644,8,llf,ml,ls,3,9,40,False
189.2684726715088,619.7852310117319,605.682786060529,9,slf,ml,fbs,3,9,40,False
416.49808168411255,609.073840608244,580.7145792072406,10,llf,wp,ls,3,9,40,False
1580.272224664688,474.7389639631388,447.4765494551778,1,llf,ml,ls,4,9,40,False
542.3792035579681,440.9415876843126,390.0315049428982,2,slf,wp,fbs,4,9,40,False
1000.7872133255005,376.9743524165832,348.2689815231906,3,llf,ml,ls,4,9,40,False
1325.2395157814026,403.2498679407391,367.1532689436356,4,llf,ml,ls,4,9,40,False
1192.4097065925598,389.209382792122,356.8631299522873,5,llf,ml,ls,4,9,40,False
852.3824298381805,412.15760949887016,376.0647148321798,6,llf,ml,ls,4,9,40,False
675.2384173870087,326.81633428831924,309.78595778061936,7,llf,ml,ls,4,9,40,False
1326.3138513565063,457.6584031306968,423.33266181977655,8,llf,ml,ls,4,9,40,False
1812.8661482334137,394.2361149133949,357.6738268072189,9,slf,ml,fbs,4,9,40,True
747.4165396690369,375.2392928857563,355.07162277276785,10,slf,wp,fbs,4,9,40,False
1810.5264718532562,356.0296107620275,310.10642905106914,1,slf,ml,bf,5,9,40,True
1279.9735851287842,258.3619909075848,248.82135085098713,2,llf,ml,bf,5,9,40,False
1453.7203295230865,353.6896691544623,324.9380327166084,3,llf,ml,ls,5,9,40,False
1175.1264419555664,266.4609774353111,254.96931199308207,4,llf,ml,ls,5,9,40,False
1800.7187955379486,338.7612765412512,305.2347243247199,5,slf,ml,bf,5,9,40,True
1807.9454038143158,259.2115967300042,255.20530374833785,6,llf,ml,ls,5,9,40,True
1880.3704521656036,335.87370670216853,295.3751623594902,7,llf,ml,ls,5,9,40,True
1260.626389503479,323.8506045496308,293.4120699624808,8,slf,ml,bf,5,9,40,False
1819.9390106201172,349.8593884644539,320.6794799215449,9,slf,ml,bf,5,9,40,True
1083.274332523346,292.56746423772984,263.2840488589196,10,slf,ml,ls,5,9,40,False
16.317243099212646,410.4714276552505,410.4714276552505,1,llf,ml,ls,3,3,50,False
15.659769058227539,389.18058150150875,389.18058150150875,2,llf,ml,ls,3,3,50,False
30.426740407943726,466.959331479217,458.28728451820825,3,slf,wp,fbs,3,3,50,False
15.529548168182373,459.26121999933935,459.26121999933935,4,slf,wp,fbs,3,3,50,False
15.590167045593262,327.35739041958254,327.35739041958254,5,slf,ml,fbs,3,3,50,False
16.448341608047485,367.7996497091249,367.7996497091249,6,slf,ml,fbs,3,3,50,False
15.224184036254883,387.72825899195493,387.72825899195493,7,slf,ml,fbs,3,3,50,False
45.85538125038147,439.2716404344798,424.20906461832226,8,llf,wp,ls,3,3,50,False
30.635345458984375,466.64019270867146,453.85215574953634,9,slf,ml,fbs,3,3,50,False
15.37651801109314,420.30071840371403,420.30071840371403,10,slf,wp,fbs,3,3,50,False
55.764790534973145,298.61433137185725,298.61433137185725,1,llf,ml,ls,4,3,50,False
58.41769027709961,316.88922379572034,316.88922379572034,2,llf,ml,ls,4,3,50,False
164.45362401008606,352.1315303624589,333.1315303624589,3,llf,ml,ls,4,3,50,False
165.1085855960846,306.5783392122159,285.26962978319114,4,llf,wp,ls,4,3,50,False
222.90329766273499,356.05263686815294,326.21154870478284,5,llf,ml,ls,4,3,50,False
109.03478145599365,300.00884882292445,292.70868025024834,6,slf,wp,fbs,4,3,50,False
111.64057326316833,302.45492220852407,285.4167674964496,7,slf,ml,fbs,4,3,50,False
115.61224722862244,361.81609974946684,355.13328324418154,8,llf,wp,ls,4,3,50,False
111.03676891326904,407.82399984400445,397.0262292172773,9,slf,wp,fbs,4,3,50,False
111.96948075294495,336.8649808542834,326.1931410123825,10,llf,wp,ls,4,3,50,False
141.28442358970642,241.04636259699296,241.04636259699296,1,llf,wp,ls,5,3,50,False
423.41860795021057,350.39014390822615,316.29402357797346,2,slf,ml,ls,5,3,50,False
278.13283109664917,202.2585975702164,180.6444938177624,3,llf,ml,ls,5,3,50,False
280.03500723838806,239.5803751232995,219.73669372792494,4,llf,ml,ls,5,3,50,False
140.08815932273865,265.11476312499383,265.11476312499383,5,llf,ml,ls,5,3,50,False
294.77152585983276,293.5008455359184,272.44884000730025,6,llf,ml,ls,5,3,50,False
421.36883902549744,262.25885676669844,252.47894694803284,7,llf,wp,bf,5,3,50,False
283.5227973461151,259.4831723959537,238.61954220606046,8,llf,ml,ls,5,3,50,False
418.7936713695526,252.478196710058,225.48869170334024,9,llf,ml,ls,5,3,50,False
279.8174557685852,275.8688777954478,256.9621867330249,10,llf,ml,ls,5,3,50,False
100.31925582885742,524.0078530227172,498.7391731347027,1,llf,ml,ls,3,5,50,False
117.33247208595276,570.6181386373942,546.8240986767449,2,llf,ml,ls,3,5,50,False
250.87082433700562,550.2760778465008,502.0400398161898,3,slf,wp,fbs,3,5,50,False
221.52595829963684,472.3105422239034,424.8025403633886,4,slf,ml,fbs,3,5,50,False
216.38090109825134,590.1426135714516,544.3746700837164,5,llf,ml,ls,3,5,50,False
119.33797216415405,441.0520260441038,410.7030641246943,6,slf,wp,fbs,3,5,50,False
185.87762594223022,623.6914214623744,603.7296883691427,7,slf,ml,fbs,3,5,50,False
195.26205778121948,567.6039796724432,516.9586287989745,8,llf,wp,ls,3,5,50,False
50.79287385940552,472.0906394737116,472.0906394737116,9,slf,wp,fbs,3,5,50,False
118.69950413703918,490.73244429010646,466.6615538931294,10,slf,ml,fbs,3,5,50,False
487.93151688575745,445.39933082447294,411.93168091838226,1,llf,ml,ls,4,5,50,False
491.8277039527893,463.5221995243372,433.36159654804175,2,slf,ml,ls,4,5,50,False
323.4712884426117,378.3137499831896,361.5243975581275,3,slf,ml,fbs,4,5,50,False
367.2428116798401,408.3296277308649,387.4490995186453,4,llf,ml,ls,4,5,50,False
323.61178612709045,477.24695552396685,450.56681871975854,5,slf,wp,fbs,4,5,50,False
556.3371999263763,490.58561653696614,441.6034463159582,6,llf,ml,ls,4,5,50,False
919.5964000225067,320.57585413193164,289.09841809356254,7,llf,ml,ls,4,5,50,False
1046.0796892642975,329.4497274861006,298.3362700741552,8,slf,wp,fbs,4,5,50,False
559.6028988361359,395.86763778231045,349.82960396102476,9,llf,wp,ls,4,5,50,False
560.1185035705566,436.639297578047,390.9507143868375,10,llf,ml,ls,4,5,50,False
1920.2386920452118,389.27539429749095,341.7058537258632,1,llf,wp,ls,5,5,50,True
1765.0702786445618,262.3528868797483,214.00877402982232,2,llf,ml,ls,5,5,50,False
1920.5254609584808,347.72470427162114,303.019454262182,3,llf,ml,ls,5,5,50,True
644.7508044242859,354.7688729007341,331.71982966636824,4,slf,ml,fbs,5,5,50,False
663.3416993618011,315.95157840742365,298.27617534946756,5,slf,ml,fbs,5,5,50,False
1332.3009078502655,287.57500101125675,238.22898025466472,6,llf,wp,ls,5,5,50,False
1933.6071910858154,336.31304652029576,295.7448238885036,7,llf,ml,ls,5,5,50,True
1111.9816777706146,308.760553672302,278.36081766778375,8,slf,wp,fbs,5,5,50,False
1298.4407124519348,380.4888068080817,343.5894144764703,9,slf,ml,fbs,5,5,50,False
1168.2372081279755,328.34749635920423,310.49996861614864,10,slf,wp,fbs,5,5,50,False
460.9838914871216,525.9736247926116,506.57878409856636,1,slf,ml,fbs,3,7,50,False
420.99018716812134,544.4759200549265,522.7756965107221,2,llf,ml,ls,3,7,50,False
165.08171916007996,670.0150337720838,640.2279277906415,3,llf,ml,bf,3,7,50,False
279.29774045944214,657.1045062364547,628.6331833315653,4,slf,wp,fbs,3,7,50,False
498.97297739982605,636.1063591430984,613.5699981620592,5,llf,ml,ls,3,7,50,False
366.59545278549194,653.9501469751153,625.1840516640752,6,slf,ml,fbs,3,7,50,False
184.1277515888214,575.8388824982062,560.210524099895,7,slf,ml,fbs,3,7,50,False
202.2377324104309,722.6237447123232,692.7573381624879,8,llf,ml,ls,3,7,50,False
350.040643453598,687.1562035617143,646.675772220948,9,slf,wp,fbs,3,7,50,False
643.8110611438751,645.7694957001376,594.1906820565351,10,llf,ml,ls,3,7,50,False
478.4611086845398,465.0864300357555,448.6855775166614,1,llf,ml,ls,4,7,50,False
891.4573128223419,564.6819048688344,527.3551295130785,2,slf,ml,fbs,4,7,50,False
1721.7305467128754,526.71379641252,479.59743085303984,3,slf,wp,fbs,4,7,50,False
484.8510317802429,462.7193765885569,450.7329448902502,4,slf,wp,fbs,4,7,50,False
1040.3364100456238,434.1388072278763,380.15106257491806,5,slf,wp,fbs,4,7,50,False
1659.929054260254,401.522606003768,381.1878940631516,6,llf,ml,ls,4,7,50,False
895.685795545578,525.5585414393742,486.12029120761315,7,slf,wp,fbs,4,7,50,False
1469.218107700348,480.2070879155457,436.31964736373385,8,slf,wp,fbs,4,7,50,False
1311.8053653240204,438.1042359424579,399.23975016233413,9,slf,wp,fbs,4,7,50,False
973.522863149643,470.23571271446696,405.09899242641893,10,llf,ml,ls,4,7,50,False
1943.4174270629883,398.08845898803935,342.9603389522505,1,slf,wp,fbs,5,7,50,True
1801.4295134544373,388.01974030294,353.11274422991403,2,llf,wp,ls,5,7,50,True
1808.286322593689,442.9941039358168,394.7311040493918,3,slf,ml,fbs,5,7,50,True
1967.449865579605,355.0177439862642,311.4951922726923,4,llf,wp,ls,5,7,50,True
1967.7449429035187,356.294345611651,318.62208718984846,5,slf,ml,fbs,5,7,50,True
1953.3846712112427,357.20998748828913,327.80071254823923,6,llf,ml,ls,5,7,50,True
1854.691855430603,421.24491259695225,383.50453343760034,7,llf,ml,ls,5,7,50,True
1264.7985634803772,465.57250907480113,447.1481704830662,8,llf,ml,ls,5,7,50,False
1958.3788180351257,389.1690851397265,355.3926844536921,9,llf,wp,ls,5,7,50,True
1251.6259796619415,367.8083807370841,339.50125082626323,10,llf,ml,ls,5,7,50,False
732.384135723114,744.6419199542775,694.8976698474739,1,slf,ml,fbs,3,9,50,False
637.1449861526489,730.9835902502322,695.2331156428954,2,slf,ml,fbs,3,9,50,False
713.1941814422607,749.1152937776553,706.7644592795559,3,llf,ml,ls,3,9,50,False
522.8184766769409,775.8190852610643,727.4768391571779,4,slf,ml,fbs,3,9,50,False
1291.5988719463348,660.6127824098851,634.2248307846264,5,slf,ml,fbs,3,9,50,False
736.3711256980896,661.4212395407884,621.6017455849649,6,slf,ml,fbs,3,9,50,False
1211.015111207962,616.4591725499811,567.5289809146138,7,slf,ml,fbs,3,9,50,False
648.4306144714355,744.2180997641532,697.050946868625,8,slf,ml,fbs,3,9,50,False
495.6042196750641,619.1160527668662,597.4055586769425,9,llf,ml,ls,3,9,50,False
570.0856175422668,780.4359514691517,754.213818372454,10,llf,ml,ls,3,9,50,False
1862.4248869419098,581.92847166126,537.0991958764624,1,llf,ml,ls,4,9,50,True
1852.3215732574463,619.1363650259061,560.5817123413221,2,slf,ml,fbs,4,9,50,True
1808.227700471878,495.35707442770826,458.9523492345615,3,slf,ml,fbs,4,9,50,True
1800.2555944919586,627.7354413035347,570.9848064530669,4,slf,ml,fbs,4,9,50,True
1856.6244628429413,497.5879892106288,480.5775356387869,5,llf,ml,ls,4,9,50,True
1792.2734599113464,610.6756251128854,568.2064167770327,6,slf,ml,fbs,4,9,50,False
1702.6632742881775,507.0207019038202,485.34125962371104,7,llf,ml,ls,4,9,50,False
1869.3370881080627,523.7467991996319,497.705954872883,8,slf,ml,fbs,4,9,50,True
1502.33060836792,589.7118001292714,546.3422193923634,9,llf,ml,ls,4,9,50,False
1844.9945929050446,598.3052186612445,566.5240884638422,10,llf,ml,ls,4,9,50,True
1972.172435283661,422.7786555463348,382.74750623590006,1,llf,ml,ls,5,9,50,True
1810.8327119350433,435.5196120590441,406.5209217971813,2,llf,ml,ls,5,9,50,True
1977.680358171463,430.76810554185994,387.9514745227541,3,slf,ml,fbs,5,9,50,True
1937.1935317516327,355.7136802542245,308.95089763951194,4,llf,wp,ls,5,9,50,True
1955.82767868042,506.91903966615104,481.2060202103567,5,slf,ml,fbs,5,9,50,True
1914.8343057632446,513.0986836093964,466.86502564785263,6,llf,ml,ls,5,9,50,True
1928.3975710868835,476.84082242286735,424.55702678696946,7,slf,ml,fbs,5,9,50,True
1823.8763620853424,417.0465258719702,376.84586298151606,8,slf,wp,fbs,5,9,50,True
1955.2451066970825,463.36235606603225,436.0475843025589,9,llf,ml,ls,5,9,50,True
1953.0536696910858,524.7017045411573,498.741098864126,10,llf,ml,ls,5,9,50,True
