time,obj,instance_no,job_perm,order_perm,heuristic,proceesor_num,order_num,job_num
0.016161203384399414,172.9493949354877,1,slf,ml,fbs,3,3,20
0.0,198.26969740852928,1,slf,ml,bf,3,3,20
0.0040433406829833984,188.08713581830676,1,slf,ml,ls,3,3,20
0.015461921691894531,172.9493949354877,1,llf,ml,fbs,3,3,20
0.001230478286743164,207.1921872290088,1,llf,ml,bf,3,3,20
0.004001617431640625,172.23414387314818,1,llf,ml,ls,3,3,20
0.014031410217285156,203.16042643527257,1,slf,wml,fbs,3,3,20
0.0010001659393310547,209.788559887539,1,slf,wml,bf,3,3,20
0.003044605255126953,209.81474422374532,1,slf,wml,ls,3,3,20
0.015040159225463867,203.16042643527257,1,llf,wml,fbs,3,3,20
0.0,205.0156281192881,1,llf,wml,bf,3,3,20
0.004026651382446289,199.61131033081534,1,llf,wml,ls,3,3,20
0.014037370681762695,203.16042643527257,1,slf,wp,fbs,3,3,20
0.0010001659393310547,209.788559887539,1,slf,wp,bf,3,3,20
0.003000497817993164,209.81474422374532,1,slf,wp,ls,3,3,20
0.015064001083374023,203.16042643527257,1,llf,wp,fbs,3,3,20
0.0,205.0156281192881,1,llf,wp,bf,3,3,20
0.00400090217590332,199.61131033081534,1,llf,wp,ls,3,3,20
0.02026677131652832,110.60788241557975,1,slf,ml,fbs,4,3,20
0.08441281318664551,114.95361286103667,1,slf,ml,bf,4,3,20
0.006001710891723633,110.23308661072618,1,slf,ml,ls,4,3,20
0.020127296447753906,110.60788241557975,1,llf,ml,fbs,4,3,20
0.11621475219726562,109.8582908058726,1,llf,ml,bf,4,3,20
0.0050013065338134766,106.92745099727895,1,llf,ml,ls,4,3,20
0.016124725341796875,152.58401378953246,1,slf,wml,fbs,4,3,20
0.14984416961669922,120.45726262568647,1,slf,wml,bf,4,3,20
0.005054950714111328,130.7489652708817,1,slf,wml,ls,4,3,20
0.016045570373535156,152.58401378953246,1,llf,wml,fbs,4,3,20
0.0886530876159668,127.71706692742097,1,llf,wml,bf,4,3,20
0.006051063537597656,123.76289823913368,1,llf,wml,ls,4,3,20
0.015058279037475586,149.1756409978832,1,slf,wp,fbs,4,3,20
0.1305100917816162,121.15199998745737,1,slf,wp,bf,4,3,20
0.005047321319580078,126.62211784747504,1,slf,wp,ls,4,3,20
0.015052318572998047,149.1756409978832,1,llf,wp,fbs,4,3,20
0.05628538131713867,128.1380670192054,1,llf,wp,bf,4,3,20
0.005001544952392578,124.41794915918774,1,llf,wp,ls,4,3,20
0.016034603118896484,122.10456542346773,1,slf,ml,fbs,5,3,20
0.14897680282592773,97.18799248750146,1,slf,ml,bf,5,3,20
0.007056474685668945,106.43663926617913,1,slf,ml,ls,5,3,20
0.016057252883911133,122.10456542346773,1,llf,ml,fbs,5,3,20
0.08756709098815918,106.34408786106937,1,llf,ml,bf,5,3,20
0.00805807113647461,104.67702815677407,1,llf,ml,ls,5,3,20
0.015126466751098633,165.28750687935909,1,slf,wml,fbs,5,3,20
0.07208824157714844,135.94834513524998,1,slf,wml,bf,5,3,20
0.006001710891723633,133.2199387952216,1,slf,wml,ls,5,3,20
0.015105962753295898,165.28750687935909,1,llf,wml,fbs,5,3,20
0.09963393211364746,132.07108308989723,1,llf,wml,bf,5,3,20
0.007064104080200195,127.76208555373509,1,llf,wml,ls,5,3,20
0.015066385269165039,122.10456542346773,1,slf,wp,fbs,5,3,20
0.14495611190795898,97.18799248750146,1,slf,wp,bf,5,3,20
0.007002115249633789,106.43663926617913,1,slf,wp,ls,5,3,20
0.016097307205200195,122.10456542346773,1,llf,wp,fbs,5,3,20
0.08553433418273926,106.34408786106937,1,llf,wp,bf,5,3,20
0.007064104080200195,104.67702815677407,1,llf,wp,ls,5,3,20
0.017054319381713867,124.83903182715223,1,slf,ml,fbs,3,5,20
0.0,158.11125371642882,1,slf,ml,bf,3,5,20
0.0040302276611328125,134.44384609310814,1,slf,ml,ls,3,5,20
0.017076492309570312,124.83903182715223,1,llf,ml,fbs,3,5,20
0.0,154.13219943790654,1,llf,ml,bf,3,5,20
0.004001140594482422,131.20590781544976,1,llf,ml,ls,3,5,20
0.01510477066040039,232.24189012186838,1,slf,wml,fbs,3,5,20
0.0,250.22437661579073,1,slf,wml,bf,3,5,20
0.003000974655151367,229.50788658140297,1,slf,wml,ls,3,5,20
0.01603984832763672,232.24189012186838,1,llf,wml,fbs,3,5,20
0.0,242.89720462679932,1,llf,wml,bf,3,5,20
0.0040435791015625,232.85952967699347,1,llf,wml,ls,3,5,20
0.015049457550048828,135.47692882875606,1,slf,wp,fbs,3,5,20
0.0,157.1319073152112,1,slf,wp,bf,3,5,20
0.0030503273010253906,141.58885555511048,1,slf,wp,ls,3,5,20
0.015063047409057617,135.47692882875606,1,llf,wp,fbs,3,5,20
0.0010001659393310547,153.5409020651406,1,llf,wp,bf,3,5,20
0.0040509700775146484,136.77984322410907,1,llf,wp,ls,3,5,20
0.018224477767944336,206.09878676571643,1,slf,ml,fbs,4,5,20
0.059239864349365234,186.71315873568724,1,slf,ml,bf,4,5,20
0.006038188934326172,174.94072027471884,1,slf,ml,ls,4,5,20
0.018090009689331055,206.09878676571643,1,llf,ml,fbs,4,5,20
0.12043881416320801,165.90177860293448,1,llf,ml,bf,4,5,20
0.0070018768310546875,167.1171359791984,1,llf,ml,ls,4,5,20
0.018068552017211914,224.81230751125727,1,slf,wml,fbs,4,5,20
0.059629201889038086,186.9094941626965,1,slf,wml,bf,4,5,20
0.005049943923950195,187.6823093171701,1,slf,wml,ls,4,5,20
0.0180816650390625,224.81230751125727,1,llf,wml,fbs,4,5,20
0.0752253532409668,179.43372836861286,1,llf,wml,bf,4,5,20
0.006042957305908203,171.78306669914028,1,llf,wml,ls,4,5,20
0.019105911254882812,198.76752662221372,1,slf,wp,fbs,4,5,20
0.09052395820617676,165.80920642585795,1,slf,wp,bf,4,5,20
0.0060575008392333984,164.86888922512696,1,slf,wp,ls,4,5,20
0.01917576789855957,198.76752662221372,1,llf,wp,fbs,4,5,20
0.1055305004119873,163.32852655795534,1,llf,wp,bf,4,5,20
0.006001472473144531,165.6592499483541,1,llf,wp,ls,4,5,20
0.017200469970703125,194.77683194383943,1,slf,ml,fbs,5,5,20
0.057764530181884766,167.8917158003098,1,slf,ml,bf,5,5,20
0.008053779602050781,156.0611019311706,1,slf,ml,ls,5,5,20
0.018100738525390625,194.77683194383943,1,llf,ml,fbs,5,5,20
0.14604592323303223,146.67413255030328,1,llf,ml,bf,5,5,20
0.008066892623901367,149.9898468487625,1,llf,ml,ls,5,5,20
0.02319192886352539,199.02614216342076,1,slf,wml,fbs,5,5,20
0.05734443664550781,198.7490976607945,1,slf,wml,bf,5,5,20
0.008055686950683594,190.14941084741744,1,slf,wml,ls,5,5,20
0.024217605590820312,199.02614216342076,1,llf,wml,fbs,5,5,20
0.10197782516479492,203.32469465334214,1,llf,wml,bf,5,5,20
0.008085250854492188,180.35754011689204,1,llf,wml,ls,5,5,20
0.02313995361328125,146.37823261122068,1,slf,wp,fbs,5,5,20
0.06899023056030273,161.5245607788191,1,slf,wp,bf,5,5,20
0.008252382278442383,148.8136592882085,1,slf,wp,ls,5,5,20
0.022106170654296875,146.37823261122068,1,llf,wp,fbs,5,5,20
0.08350896835327148,141.32252782614552,1,llf,wp,bf,5,5,20
0.008079051971435547,140.68093662367986,1,llf,wp,ls,5,5,20
0.018079042434692383,225.95301950740003,1,slf,ml,fbs,3,7,20
0.0009975433349609375,321.80710281421057,1,slf,ml,bf,3,7,20
0.00402379035949707,227.9890526853608,1,slf,ml,ls,3,7,20
0.01807570457458496,225.95301950740003,1,llf,ml,fbs,3,7,20
0.0010004043579101562,352.1582028828237,1,llf,ml,bf,3,7,20
0.00400090217590332,221.3230796874796,1,llf,ml,ls,3,7,20
0.017104387283325195,383.8778018355809,1,slf,wml,fbs,3,7,20
0.0,412.1585945840372,1,slf,wml,bf,3,7,20
0.004057168960571289,391.09739633136445,1,slf,wml,ls,3,7,20
0.0181124210357666,383.8778018355809,1,llf,wml,fbs,3,7,20
0.0,413.79275636243005,1,llf,wml,bf,3,7,20
0.00399327278137207,396.60212441398073,1,llf,wml,ls,3,7,20
0.017624855041503906,240.54829559983116,1,slf,wp,fbs,3,7,20
0.0010004043579101562,293.73384100291133,1,slf,wp,bf,3,7,20
0.00400090217590332,245.13373007256055,1,slf,wp,ls,3,7,20
0.018329620361328125,240.54829559983116,1,llf,wp,fbs,3,7,20
0.0,354.70849479580306,1,llf,wp,bf,3,7,20
0.004001140594482422,236.52011560118333,1,llf,wp,ls,3,7,20
0.0210113525390625,262.4161981446401,1,slf,ml,fbs,4,7,20
0.09535956382751465,219.86854540642867,1,slf,ml,bf,4,7,20
0.006001710891723633,218.19156175940114,1,slf,ml,ls,4,7,20
0.020086288452148438,262.4161981446401,1,llf,ml,fbs,4,7,20
0.12648510932922363,214.27206713751872,1,llf,ml,bf,4,7,20
0.006001710891723633,209.520986907413,1,llf,ml,ls,4,7,20
0.025122404098510742,291.4252456225494,1,slf,wml,fbs,4,7,20
0.08034276962280273,282.4932760401477,1,slf,wml,bf,4,7,20
0.0060460567474365234,280.8967430385723,1,slf,wml,ls,4,7,20
0.025074243545532227,291.4252456225494,1,llf,wml,fbs,4,7,20
0.15766119956970215,275.31288965348324,1,llf,wml,bf,4,7,20
0.006001472473144531,281.5644498087505,1,llf,wml,ls,4,7,20
0.025117158889770508,222.96932845748108,1,slf,wp,fbs,4,7,20
0.06332778930664062,243.88521105778415,1,slf,wp,bf,4,7,20
0.006036043167114258,221.05085415408146,1,slf,wp,ls,4,7,20
0.025080442428588867,222.96932845748108,1,llf,wp,fbs,4,7,20
0.15517711639404297,213.18670288825845,1,llf,wp,bf,4,7,20
0.006038188934326172,216.8028169053867,1,llf,wp,ls,4,7,20
0.028100013732910156,211.8857231979091,1,slf,ml,fbs,5,7,20
0.07902097702026367,217.23224150895763,1,slf,ml,bf,5,7,20
0.007551431655883789,193.98867965283196,1,slf,ml,ls,5,7,20
0.028024911880493164,211.8857231979091,1,llf,ml,fbs,5,7,20
0.1076822280883789,222.3321336990015,1,llf,ml,bf,5,7,20
0.008040189743041992,188.4533438853721,1,llf,ml,ls,5,7,20
0.026348590850830078,297.06504101474275,1,slf,wml,fbs,5,7,20
0.11352658271789551,282.64883879815886,1,slf,wml,bf,5,7,20
0.008046388626098633,259.98145835466556,1,slf,wml,ls,5,7,20
0.026148080825805664,297.06504101474275,1,llf,wml,fbs,5,7,20
0.1780710220336914,273.8602532736318,1,llf,wml,bf,5,7,20
0.008560419082641602,248.71756323037673,1,llf,wml,ls,5,7,20
0.027091503143310547,228.43626155227292,1,slf,wp,fbs,5,7,20
0.1105339527130127,225.12794385784488,1,slf,wp,bf,5,7,20
0.0070459842681884766,217.58006929298074,1,slf,wp,ls,5,7,20
0.02714395523071289,228.43626155227292,1,llf,wp,fbs,5,7,20
0.09545302391052246,234.80473077475241,1,llf,wp,bf,5,7,20
0.008039712905883789,203.7856404164757,1,llf,wp,ls,5,7,20
0.020613670349121094,219.1127651671294,1,slf,ml,fbs,3,9,20
0.0,303.28767980508394,1,slf,ml,bf,3,9,20
0.005426168441772461,216.85428625799887,1,slf,ml,ls,3,9,20
0.02135157585144043,219.1127651671294,1,llf,ml,fbs,3,9,20
0.0,328.21631562221074,1,llf,ml,bf,3,9,20
0.003987312316894531,215.06452676249515,1,llf,ml,ls,3,9,20
0.02033853530883789,352.60902224298786,1,slf,wml,fbs,3,9,20
0.0,362.41315550004117,1,slf,wml,bf,3,9,20
0.004001140594482422,348.45045040666975,1,slf,wml,ls,3,9,20
0.019100666046142578,352.60902224298786,1,llf,wml,fbs,3,9,20
0.0009999275207519531,383.8400589240966,1,llf,wml,bf,3,9,20
0.004050731658935547,350.48653045277507,1,llf,wml,ls,3,9,20
0.01909637451171875,270.3123028838422,1,slf,wp,fbs,3,9,20
0.0,284.0419889714368,1,slf,wp,bf,3,9,20
0.004001140594482422,275.4587715859339,1,slf,wp,ls,3,9,20
0.02010202407836914,270.3123028838422,1,llf,wp,fbs,3,9,20
0.0,331.4902479970624,1,llf,wp,bf,3,9,20
0.004047393798828125,266.32362175080436,1,llf,wp,ls,3,9,20
0.02713918685913086,198.4039543449453,1,slf,ml,fbs,4,9,20
0.10046529769897461,215.39104180452807,1,slf,ml,bf,4,9,20
0.00603485107421875,199.19170491827768,1,slf,ml,ls,4,9,20
0.027068138122558594,198.4039543449453,1,llf,ml,fbs,4,9,20
0.15420317649841309,209.38736844144222,1,llf,ml,bf,4,9,20
0.00600123405456543,195.69170491827768,1,llf,ml,ls,4,9,20
0.027289152145385742,303.84817068222173,1,slf,wml,fbs,4,9,20
0.2279808521270752,286.0379179369161,1,slf,wml,bf,4,9,20
0.006041526794433594,298.5450350667071,1,slf,wml,ls,4,9,20
0.028092145919799805,303.84817068222173,1,llf,wml,fbs,4,9,20
0.10398387908935547,314.5995776540506,1,llf,wml,bf,4,9,20
0.0060007572174072266,290.77723461914843,1,llf,wml,ls,4,9,20
0.027117490768432617,237.64347281334375,1,slf,wp,fbs,4,9,20
0.0703117847442627,242.19538178122815,1,slf,wp,bf,4,9,20
0.00603795051574707,239.3242844640712,1,slf,wp,ls,4,9,20
0.027088642120361328,237.64347281334375,1,llf,wp,fbs,4,9,20
0.13781356811523438,246.7853560970386,1,llf,wp,bf,4,9,20
0.00604557991027832,239.4753473613408,1,llf,wp,ls,4,9,20
0.036136627197265625,188.50824392810532,1,slf,ml,fbs,5,9,20
0.1055917739868164,208.28676777340723,1,slf,ml,bf,5,9,20
0.008068323135375977,186.4492932573684,1,slf,ml,ls,5,9,20
0.03236126899719238,188.50824392810532,1,llf,ml,fbs,5,9,20
0.13268566131591797,202.3234806471189,1,llf,ml,bf,5,9,20
0.007554292678833008,178.04823788962574,1,llf,ml,ls,5,9,20
0.030190467834472656,295.2223797817285,1,slf,wml,fbs,5,9,20
0.11689448356628418,299.3935724237292,1,slf,wml,bf,5,9,20
0.007062196731567383,256.8604081695313,1,slf,wml,ls,5,9,20
0.0302426815032959,295.2223797817285,1,llf,wml,fbs,5,9,20
0.13799405097961426,301.36764002318546,1,llf,wml,bf,5,9,20
0.00805044174194336,251.1944087374285,1,llf,wml,ls,5,9,20
0.021129846572875977,302.77876370223805,1,slf,wp,fbs,5,9,20
0.15441036224365234,231.24133172912548,1,slf,wp,bf,5,9,20
0.007001638412475586,209.68001397682252,1,slf,wp,ls,5,9,20
0.021132946014404297,302.77876370223805,1,llf,wp,fbs,5,9,20
0.1549394130706787,222.23417025775942,1,llf,wp,bf,5,9,20
0.00806736946105957,202.62172537658955,1,llf,wp,ls,5,9,20
0.024109601974487305,317.1218000044523,1,slf,ml,fbs,3,3,30
0.0020003318786621094,237.73895280719847,1,slf,ml,bf,3,3,30
0.0060422420501708984,224.3133594952347,1,slf,ml,ls,3,3,30
0.0241086483001709,317.1218000044523,1,llf,ml,fbs,3,3,30
0.0020008087158203125,229.5385572658893,1,llf,ml,bf,3,3,30
0.006038665771484375,221.14910016700898,1,llf,ml,ls,3,3,30
0.02412247657775879,332.4074088316228,1,slf,wml,fbs,3,3,30
0.002000093460083008,241.410338783145,1,slf,wml,bf,3,3,30
0.006066083908081055,236.64740595406994,1,slf,wml,ls,3,3,30
0.024142980575561523,332.4074088316228,1,llf,wml,fbs,3,3,30
0.002076387405395508,237.00600949722588,1,llf,wml,bf,3,3,30
0.006996870040893555,231.39934531203374,1,llf,wml,ls,3,3,30
0.04028725624084473,223.94139464703477,1,slf,wp,fbs,3,3,30
0.0020003318786621094,238.19744597341372,1,slf,wp,bf,3,3,30
0.006072521209716797,225.99898979006832,1,slf,wp,ls,3,3,30
0.04027557373046875,223.94139464703477,1,llf,wp,fbs,3,3,30
0.003000974655151367,232.36558401756702,1,llf,wp,bf,3,3,30
0.006071805953979492,220.58473046184264,1,llf,wp,ls,3,3,30
0.04231524467468262,196.12340900168005,1,slf,ml,fbs,4,3,30
0.0009999275207519531,167.71562292214435,1,slf,ml,bf,4,3,30
0.009023904800415039,164.53401839869048,1,slf,ml,ls,4,3,30
0.04118013381958008,196.12340900168005,1,llf,ml,fbs,4,3,30
0.0020003318786621094,165.14949766282237,1,llf,ml,bf,4,3,30
0.010050296783447266,157.59312430556605,1,llf,ml,ls,4,3,30
0.04117321968078613,222.0428914729741,1,slf,wml,fbs,4,3,30
0.0010004043579101562,178.92539562323927,1,slf,wml,bf,4,3,30
0.010039091110229492,174.73461979898167,1,slf,wml,ls,4,3,30
0.04037141799926758,222.0428914729741,1,llf,wml,fbs,4,3,30
0.0020613670349121094,173.13917275241946,1,llf,wml,bf,4,3,30
0.010040044784545898,176.6961267109377,1,llf,wml,ls,4,3,30
0.040654897689819336,200.43097454856746,1,slf,wp,fbs,4,3,30
0.0009999275207519531,165.319862112046,1,slf,wp,bf,4,3,30
0.010042190551757812,163.33130363007388,1,slf,wp,ls,4,3,30
0.041185617446899414,200.43097454856746,1,llf,wp,fbs,4,3,30
0.002000093460083008,161.4067184590664,1,llf,wp,bf,4,3,30
0.009043216705322266,158.0428105420299,1,llf,wp,ls,4,3,30
0.024197816848754883,324.5520090597408,1,slf,ml,fbs,5,3,30
0.3008754253387451,144.65117400175353,1,slf,ml,bf,5,3,30
0.01305079460144043,152.74249367585685,1,slf,ml,ls,5,3,30
0.02310943603515625,324.5520090597408,1,llf,ml,fbs,5,3,30
0.33524012565612793,138.5114968745243,1,llf,ml,bf,5,3,30
0.014131546020507812,142.8138953956567,1,llf,ml,ls,5,3,30
0.024110078811645508,333.5002431463891,1,slf,wml,fbs,5,3,30
0.45514464378356934,140.88831103542105,1,slf,wml,bf,5,3,30
0.013049602508544922,152.8538272572664,1,slf,wml,ls,5,3,30
0.022371530532836914,333.5002431463891,1,llf,wml,fbs,5,3,30
0.3746933937072754,141.2899892246533,1,llf,wml,bf,5,3,30
0.013073444366455078,148.66822684040181,1,llf,wml,ls,5,3,30
0.024199724197387695,303.2055278679213,1,slf,wp,fbs,5,3,30
0.3836829662322998,131.57846967584905,1,slf,wp,bf,5,3,30
0.013049125671386719,137.8603886921556,1,slf,wp,ls,5,3,30
0.022073745727539062,303.2055278679213,1,llf,wp,fbs,5,3,30
0.0,151.6856662362494,1,llf,wp,bf,5,3,30
0.013036966323852539,132.71370942826195,1,llf,wp,ls,5,3,30
0.045152902603149414,294.3881986394376,1,slf,ml,fbs,3,5,30
0.003323793411254883,319.4527151008873,1,slf,ml,bf,3,5,30
0.007049560546875,302.68113404228234,1,slf,ml,ls,3,5,30
0.04413890838623047,294.3881986394376,1,llf,ml,fbs,3,5,30
0.0030295848846435547,319.11187678208955,1,llf,ml,bf,3,5,30
0.007001161575317383,294.9439590676561,1,llf,ml,ls,3,5,30
0.04476189613342285,370.7978070961666,1,slf,wml,fbs,3,5,30
0.0030007362365722656,377.3413036783086,1,slf,wml,bf,3,5,30
0.006047725677490234,377.6349262730095,1,slf,wml,ls,3,5,30
0.04616236686706543,370.7978070961666,1,llf,wml,fbs,3,5,30
0.0029964447021484375,387.4469443015432,1,llf,wml,bf,3,5,30
0.006000995635986328,369.51826843315814,1,llf,wml,ls,3,5,30
0.04526066780090332,311.6350190394085,1,slf,wp,fbs,3,5,30
0.002000570297241211,321.9573912360438,1,slf,wp,bf,3,5,30
0.007057905197143555,315.0862534671235,1,slf,wp,ls,3,5,30
0.04417729377746582,311.6350190394085,1,llf,wp,fbs,3,5,30
0.003061532974243164,327.40163080782526,1,llf,wp,bf,3,5,30
0.007996559143066406,310.4766422886614,1,llf,wp,ls,3,5,30
0.05022287368774414,239.9995704735923,1,slf,ml,fbs,4,5,30
0.0020575523376464844,219.5071983251123,1,slf,ml,bf,4,5,30
0.00999760627746582,191.7547021124744,1,slf,ml,ls,4,5,30
0.04821276664733887,239.9995704735923,1,llf,ml,fbs,4,5,30
0.0020618438720703125,205.17470361367947,1,llf,ml,bf,4,5,30
0.010997533798217773,185.36109543710157,1,llf,ml,ls,4,5,30
0.0462188720703125,341.87541529058683,1,slf,wml,fbs,4,5,30
0.0010001659393310547,256.05393300731265,1,slf,wml,bf,4,5,30
0.010047674179077148,262.298241032511,1,slf,wml,ls,4,5,30
0.04522061347961426,341.87541529058683,1,llf,wml,fbs,4,5,30
0.003000497817993164,271.3823034718083,1,llf,wml,bf,4,5,30
0.010044097900390625,262.7634439196705,1,llf,wml,ls,4,5,30
0.06029796600341797,186.98153963806377,1,slf,wp,fbs,4,5,30
0.0010001659393310547,218.81809828999903,1,slf,wp,bf,4,5,30
0.011048316955566406,190.40769285186013,1,slf,wp,ls,4,5,30
0.05984139442443848,186.98153963806377,1,llf,wp,fbs,4,5,30
0.0012793540954589844,198.74175529115752,1,llf,wp,bf,4,5,30
0.011052608489990234,184.7508887635712,1,llf,wp,ls,4,5,30
0.04732060432434082,242.72286333785357,1,slf,ml,fbs,5,5,30
0.3584115505218506,155.29723722209985,1,slf,ml,bf,5,5,30
0.015063285827636719,160.06210518100988,1,slf,ml,ls,5,5,30
0.04737567901611328,242.72286333785357,1,llf,ml,fbs,5,5,30
0.23334097862243652,162.07469462571584,1,llf,ml,bf,5,5,30
0.016131162643432617,147.13307134004933,1,llf,ml,ls,5,5,30
0.04840445518493652,249.3364600168444,1,slf,wml,fbs,5,5,30
0.2708916664123535,163.50723019983138,1,slf,wml,bf,5,5,30
0.014081478118896484,173.24390973079701,1,slf,wml,ls,5,5,30
0.04636669158935547,249.3364600168444,1,llf,wml,fbs,5,5,30
0.30471038818359375,158.30241748713922,1,llf,wml,bf,5,5,30
0.014142990112304688,159.81487588983643,1,llf,wml,ls,5,5,30
0.04526162147521973,249.92375750381464,1,slf,wp,fbs,5,5,30
0.4214761257171631,162.08225932535714,1,slf,wp,bf,5,5,30
0.013365745544433594,166.83210939060194,1,slf,wp,ls,5,5,30
0.046308040618896484,249.92375750381464,1,llf,wp,fbs,5,5,30
0.22517180442810059,157.2170298205744,1,llf,wp,bf,5,5,30
0.013078927993774414,157.76129963848086,1,llf,wp,ls,5,5,30
0.050138235092163086,417.72990272159757,1,slf,ml,fbs,3,7,30
0.0030324459075927734,438.4024286654642,1,slf,ml,bf,3,7,30
0.008026599884033203,430.95975886357206,1,slf,ml,ls,3,7,30
0.04816031455993652,417.72990272159757,1,llf,ml,fbs,3,7,30
0.003033876419067383,455.84965860871034,1,llf,ml,bf,3,7,30
0.00803828239440918,413.5397684982363,1,llf,ml,ls,3,7,30
0.0491938591003418,486.3117949152348,1,slf,wml,fbs,3,7,30
0.00206756591796875,547.0030508810203,1,slf,wml,bf,3,7,30
0.008001565933227539,517.3122308717932,1,slf,wml,ls,3,7,30
0.04831409454345703,486.3117949152348,1,llf,wml,fbs,3,7,30
0.003070354461669922,539.0148360452688,1,llf,wml,bf,3,7,30
0.007996797561645508,497.8951603515943,1,llf,wml,ls,3,7,30
0.04832148551940918,421.10149581340363,1,slf,wp,fbs,3,7,30
0.0030624866485595703,462.95026754582113,1,slf,wp,bf,3,7,30
0.006997108459472656,439.52413424265455,1,slf,wp,ls,3,7,30
0.04929971694946289,421.10149581340363,1,llf,wp,fbs,3,7,30
0.003000497817993164,452.189221165584,1,llf,wp,bf,3,7,30
0.00806736946105957,429.93863975908096,1,llf,wp,ls,3,7,30
0.052536964416503906,350.19989538963557,1,slf,ml,fbs,4,7,30
0.0010004043579101562,344.0731425863265,1,slf,ml,bf,4,7,30
0.012048721313476562,277.7979969257616,1,slf,ml,ls,4,7,30
0.05219411849975586,350.19989538963557,1,llf,ml,fbs,4,7,30
0.0020003318786621094,357.75137141613595,1,llf,ml,bf,4,7,30
0.011039972305297852,274.3455825825896,1,llf,ml,ls,4,7,30
0.04869270324707031,432.309885357942,1,slf,wml,fbs,4,7,30
0.00099945068359375,349.95684700372135,1,slf,wml,bf,4,7,30
0.011059761047363281,319.3263888320258,1,slf,wml,ls,4,7,30
0.04920005798339844,432.309885357942,1,llf,wml,fbs,4,7,30
0.0020360946655273438,369.34773405306777,1,llf,wml,bf,4,7,30
0.011038780212402344,324.1842234622575,1,llf,wml,ls,4,7,30
0.06525206565856934,259.6901069104928,1,slf,wp,fbs,4,7,30
0.0010001659393310547,289.1443330818882,1,slf,wp,bf,4,7,30
0.012088775634765625,271.0547582203304,1,slf,wp,ls,4,7,30
0.06522369384765625,259.6901069104928,1,llf,wp,fbs,4,7,30
0.0020008087158203125,296.49905021378083,1,llf,wp,bf,4,7,30
0.01103067398071289,257.37541206194624,1,llf,wp,ls,4,7,30
0.05126476287841797,329.02984109362,1,slf,ml,fbs,5,7,30
0.3687129020690918,198.97327313956302,1,slf,ml,bf,5,7,30
0.0160977840423584,210.0275546397313,1,slf,ml,ls,5,7,30
0.05224299430847168,329.02984109362,1,llf,ml,fbs,5,7,30
0.3300461769104004,205.29989278042848,1,llf,ml,bf,5,7,30
0.01608562469482422,200.98558023587293,1,llf,ml,ls,5,7,30
0.051245689392089844,347.22104441916315,1,slf,wml,fbs,5,7,30
0.12564706802368164,224.43627757450477,1,slf,wml,bf,5,7,30
0.01611018180847168,219.47669068033875,1,slf,wml,ls,5,7,30
0.05174398422241211,347.22104441916315,1,llf,wml,fbs,5,7,30
0.45293259620666504,210.22924051121413,1,llf,wml,bf,5,7,30
0.015110015869140625,207.85157681571974,1,llf,wml,ls,5,7,30
0.08194899559020996,201.30570725852533,1,slf,wp,fbs,5,7,30
0.28974008560180664,193.41104423015182,1,slf,wp,bf,5,7,30
0.016091108322143555,204.24924710398147,1,slf,wp,ls,5,7,30
0.08248710632324219,201.30570725852533,1,llf,wp,fbs,5,7,30
0.3637735843658447,197.94227887830388,1,llf,wp,bf,5,7,30
0.016107559204101562,196.21787556119546,1,llf,wp,ls,5,7,30
0.05330038070678711,390.0503271291558,1,slf,ml,fbs,3,9,30
0.0021271705627441406,418.8640330142124,1,slf,ml,bf,3,9,30
0.007997512817382812,407.3381004620238,1,slf,ml,ls,3,9,30
0.05267739295959473,390.0503271291558,1,llf,ml,fbs,3,9,30
0.003000974655151367,500.07843515150455,1,llf,ml,bf,3,9,30
0.008064508438110352,388.9597152290258,1,llf,ml,ls,3,9,30
0.0522918701171875,562.0180319651466,1,slf,wml,fbs,3,9,30
0.0030007362365722656,565.7959119907271,1,slf,wml,bf,3,9,30
0.007047891616821289,570.4031780718735,1,slf,wml,ls,3,9,30
0.0512690544128418,562.0180319651466,1,llf,wml,fbs,3,9,30
0.00305938720703125,580.8310876260147,1,llf,wml,bf,3,9,30
0.007997274398803711,535.7710696605789,1,llf,wml,ls,3,9,30
0.051778316497802734,439.87890166780915,1,slf,wp,fbs,3,9,30
0.003065824508666992,466.7701981238046,1,slf,wp,bf,3,9,30
0.007001638412475586,441.7807456492968,1,slf,wp,ls,3,9,30
0.052548885345458984,439.87890166780915,1,llf,wp,fbs,3,9,30
0.0030007362365722656,458.6799676980025,1,llf,wp,bf,3,9,30
0.007055521011352539,440.57889381779376,1,llf,wp,ls,3,9,30
0.057464599609375,418.8122895850246,1,slf,ml,fbs,4,9,30
0.0019998550415039062,395.8821492090774,1,slf,ml,bf,4,9,30
0.012062549591064453,331.4381027787017,1,slf,ml,ls,4,9,30
0.056430816650390625,418.8122895850246,1,llf,ml,fbs,4,9,30
0.003000974655151367,439.0429862920599,1,llf,ml,bf,4,9,30
0.012061595916748047,318.62326459225505,1,llf,ml,ls,4,9,30
0.0739755630493164,415.7694825661153,1,slf,wml,fbs,4,9,30
0.0030007362365722656,447.67055245664415,1,slf,wml,bf,4,9,30
0.011055946350097656,418.3975596867341,1,slf,wml,ls,4,9,30
0.071624755859375,415.7694825661153,1,llf,wml,fbs,4,9,30
0.003062725067138672,473.397267778573,1,llf,wml,bf,4,9,30
0.011057138442993164,401.690483586435,1,llf,wml,ls,4,9,30
0.06940793991088867,324.2038469374214,1,slf,wp,fbs,4,9,30
0.002000093460083008,362.9039703089366,1,slf,wp,bf,4,9,30
0.011063575744628906,343.14549080387343,1,slf,wp,ls,4,9,30
0.06835794448852539,324.2038469374214,1,llf,wp,fbs,4,9,30
0.002000570297241211,393.48651827248705,1,llf,wp,bf,4,9,30
0.012060880661010742,322.0919533217343,1,llf,wp,ls,4,9,30
0.055393218994140625,361.79655093246913,1,slf,ml,fbs,5,9,30
0.4921531677246094,220.28973888807303,1,slf,ml,bf,5,9,30
0.015157461166381836,224.75242397012988,1,slf,ml,ls,5,9,30
0.05334663391113281,361.79655093246913,1,llf,ml,fbs,5,9,30
0.4831085205078125,228.26571730401892,1,llf,ml,bf,5,9,30
0.01607990264892578,217.08167095339917,1,llf,ml,ls,5,9,30
0.08766651153564453,315.52355030268757,1,slf,wml,fbs,5,9,30
0.26666688919067383,302.6336356843318,1,slf,wml,bf,5,9,30
0.015079736709594727,303.4399877645668,1,slf,wml,ls,5,9,30
0.09067153930664062,315.52355030268757,1,llf,wml,fbs,5,9,30
0.6109957695007324,313.33499588231433,1,llf,wml,bf,5,9,30
0.01514744758605957,308.0879525647939,1,llf,wml,ls,5,9,30
0.05236530303955078,367.6847635723221,1,slf,wp,fbs,5,9,30
0.5779070854187012,229.566742201308,1,slf,wp,bf,5,9,30
0.015349626541137695,230.1805715776064,1,slf,wp,ls,5,9,30
0.05236387252807617,367.6847635723221,1,llf,wp,fbs,5,9,30
0.4884777069091797,239.70182300227583,1,llf,wp,bf,5,9,30
0.015065670013427734,224.2277566848516,1,llf,wp,ls,5,9,30
0.0502772331237793,489.03014969173927,1,slf,ml,fbs,3,3,40
0.005063772201538086,351.3254521813732,1,slf,ml,bf,3,3,40
0.008997440338134766,360.6330231073223,1,slf,ml,ls,3,3,40
0.04938220977783203,489.03014969173927,1,llf,ml,fbs,3,3,40
0.0050868988037109375,363.0066232949562,1,llf,ml,bf,3,3,40
0.010075807571411133,348.169093259772,1,llf,ml,ls,3,3,40
0.04938960075378418,516.8503600894734,1,slf,wml,fbs,3,3,40
0.0040018558502197266,375.8009321568542,1,slf,wml,bf,3,3,40
0.010085344314575195,373.5278880520474,1,slf,wml,ls,3,3,40
0.0484013557434082,516.8503600894734,1,llf,wml,fbs,3,3,40
0.00516057014465332,378.6940402749449,1,llf,wml,bf,3,3,40
0.010086536407470703,364.3921376652977,1,llf,wml,ls,3,3,40
0.08010983467102051,322.60350806474133,1,slf,wp,fbs,3,3,40
0.004996776580810547,340.63236656958156,1,slf,wp,bf,3,3,40
0.009074211120605469,337.59783974843936,1,slf,wp,ls,3,3,40
0.08157682418823242,322.60350806474133,1,llf,wp,fbs,3,3,40
0.00608062744140625,338.92601920923994,1,llf,wp,bf,3,3,40
0.009060859680175781,339.09783974843936,1,llf,wp,ls,3,3,40
0.09077835083007812,361.7388436314326,1,slf,ml,fbs,4,3,40
0.004030466079711914,300.11171900062277,1,slf,ml,bf,4,3,40
0.015035867691040039,293.34671977130256,1,slf,ml,ls,4,3,40
0.08892154693603516,361.7388436314326,1,llf,ml,fbs,4,3,40
0.005001068115234375,297.60246569815126,1,llf,ml,bf,4,3,40
0.015088796615600586,287.09151897663503,1,llf,ml,ls,4,3,40
0.08944296836853027,401.3121310023056,1,slf,wml,fbs,4,3,40
0.005000591278076172,329.17523511568646,1,slf,wml,bf,4,3,40
0.01411128044128418,331.75779114571446,1,slf,wml,ls,4,3,40
0.08857440948486328,401.3121310023056,1,llf,wml,fbs,4,3,40
0.006001472473144531,332.2392845407714,1,llf,wml,bf,4,3,40
0.014087915420532227,319.02738801501994,1,llf,wml,ls,4,3,40
0.09037446975708008,363.56384107276574,1,slf,wp,fbs,4,3,40
0.004001617431640625,304.8358323670194,1,slf,wp,bf,4,3,40
0.015074491500854492,301.5800864401707,1,slf,wp,ls,4,3,40
0.09140658378601074,363.56384107276574,1,llf,wp,fbs,4,3,40
0.006001472473144531,307.7527312048102,1,llf,wp,bf,4,3,40
0.015102863311767578,290.81563234303167,1,llf,wp,ls,4,3,40
0.051331281661987305,474.342769672817,1,slf,ml,fbs,5,3,40
0.003000974655151367,232.70759318398447,1,slf,ml,bf,5,3,40
0.020081281661987305,225.8343883378232,1,slf,ml,ls,5,3,40
0.05132746696472168,474.342769672817,1,llf,ml,fbs,5,3,40
0.005067586898803711,243.7224350672535,1,llf,ml,bf,5,3,40
0.021138668060302734,217.8407329315532,1,llf,ml,ls,5,3,40
0.05132579803466797,496.9374525534579,1,slf,wml,fbs,5,3,40
0.002000570297241211,236.22727678592844,1,slf,wml,bf,5,3,40
0.02019643783569336,233.88469072326393,1,slf,wml,ls,5,3,40
0.05030393600463867,496.9374525534579,1,llf,wml,fbs,5,3,40
0.0059964656829833984,249.67105251024714,1,llf,wml,bf,5,3,40
0.020112276077270508,227.648208618232,1,llf,wml,ls,5,3,40
0.09057307243347168,307.3997958603872,1,slf,wp,fbs,5,3,40
0.0030765533447265625,216.26754049482406,1,slf,wp,bf,5,3,40
0.020132064819335938,208.61597587042567,1,slf,wp,ls,5,3,40
0.08843135833740234,307.3997958603872,1,llf,wp,fbs,5,3,40
0.00505828857421875,222.71573523432826,1,llf,wp,bf,5,3,40
0.020087242126464844,207.17937344734503,1,llf,wp,ls,5,3,40
0.09546637535095215,396.9298100391291,1,slf,ml,fbs,3,5,40
0.004996299743652344,415.3006497215102,1,slf,ml,bf,3,5,40
0.011029481887817383,424.39238483758703,1,slf,ml,ls,3,5,40
0.09418392181396484,396.9298100391291,1,llf,ml,fbs,3,5,40
0.00600123405456543,422.832374201096,1,llf,ml,bf,3,5,40
0.011039257049560547,411.6328702907463,1,llf,ml,ls,3,5,40
0.09252476692199707,431.75095086327985,1,slf,wml,fbs,3,5,40
0.003996372222900391,466.01438510310334,1,slf,wml,bf,3,5,40
0.011046171188354492,464.1556637379094,1,slf,wml,ls,3,5,40
0.09246063232421875,431.75095086327985,1,llf,wml,fbs,3,5,40
0.006056070327758789,460.7433225129313,1,llf,wml,bf,3,5,40
0.010206460952758789,450.837618943801,1,llf,wml,ls,3,5,40
0.0904242992401123,385.3105505702139,1,slf,wp,fbs,3,5,40
0.00400090217590332,402.12862566938725,1,slf,wp,bf,3,5,40
0.010055303573608398,404.1543080559461,1,slf,wp,ls,3,5,40
0.08947968482971191,385.3105505702139,1,llf,wp,fbs,3,5,40
0.006041526794433594,403.43455214630853,1,llf,wp,bf,3,5,40
0.010041952133178711,397.8493644550108,1,llf,wp,ls,3,5,40
0.09767985343933105,324.39592392612826,1,slf,ml,fbs,4,5,40
0.005059242248535156,292.2372588674644,1,slf,ml,bf,4,5,40
0.017051219940185547,269.96768948000573,1,slf,ml,ls,4,5,40
0.09756851196289062,324.39592392612826,1,llf,ml,fbs,4,5,40
0.006067752838134766,272.72644902003856,1,llf,ml,bf,4,5,40
0.0170745849609375,267.55848798272183,1,llf,ml,ls,4,5,40
0.09461212158203125,469.2308336236716,1,slf,wml,fbs,4,5,40
0.005001068115234375,375.3337942506318,1,slf,wml,bf,4,5,40
0.015124320983886719,374.652550457773,1,slf,wml,ls,4,5,40
0.0953221321105957,469.2308336236716,1,llf,wml,fbs,4,5,40
0.0059967041015625,369.9061360838409,1,llf,wml,bf,4,5,40
0.016125917434692383,369.388223844213,1,llf,wml,ls,4,5,40
0.09676408767700195,324.3851669588562,1,slf,wp,fbs,4,5,40
0.004059314727783203,281.966547518977,1,slf,wp,bf,4,5,40
0.01706719398498535,262.2424117138014,1,slf,wp,ls,4,5,40
0.09664559364318848,324.3851669588562,1,llf,wp,fbs,4,5,40
0.006060600280761719,263.7300665477007,1,llf,wp,bf,4,5,40
0.017055511474609375,260.53395171140284,1,llf,wp,ls,4,5,40
0.0998685359954834,417.2795198161807,1,slf,ml,fbs,5,5,40
0.0030007362365722656,296.9548842647254,1,slf,ml,bf,5,5,40
0.02213287353515625,270.4009791990052,1,slf,ml,ls,5,5,40
0.09860825538635254,417.2795198161807,1,llf,ml,fbs,5,5,40
0.005226612091064453,286.38346936254186,1,llf,ml,bf,5,5,40
0.02312922477722168,254.86506464088967,1,llf,ml,ls,5,5,40
0.09761738777160645,451.98437824369967,1,slf,wml,fbs,5,5,40
0.0030007362365722656,311.6160718420007,1,slf,wml,bf,5,5,40
0.022127866744995117,283.59119012482233,1,slf,wml,ls,5,5,40
0.09711432456970215,451.98437824369967,1,llf,wml,fbs,5,5,40
0.004001140594482422,296.85366703161185,1,llf,wml,bf,5,5,40
0.02214336395263672,275.78285301457885,1,llf,wml,ls,5,5,40
0.09455657005310059,398.1670100712712,1,slf,wp,fbs,5,5,40
0.0030002593994140625,272.9025279047465,1,slf,wp,bf,5,5,40
0.021085023880004883,252.6864649951671,1,slf,wp,ls,5,5,40
0.0954282283782959,398.1670100712712,1,llf,wp,fbs,5,5,40
0.004001140594482422,266.29739688281404,1,llf,wp,bf,5,5,40
0.02412128448486328,256.04704896299404,1,llf,wp,ls,5,5,40
0.10184049606323242,486.96888014819206,1,slf,ml,fbs,3,7,40
0.004503726959228516,534.6750125510372,1,slf,ml,bf,3,7,40
0.013501167297363281,503.72741903165615,1,slf,ml,ls,3,7,40
0.10199189186096191,486.96888014819206,1,llf,ml,fbs,3,7,40
0.006511688232421875,534.0130862964003,1,llf,ml,bf,3,7,40
0.012517690658569336,499.440429038082,1,llf,ml,ls,3,7,40
0.10153365135192871,632.3198971488954,1,slf,wml,fbs,3,7,40
0.00550389289855957,686.7081204483048,1,slf,wml,bf,3,7,40
0.01201939582824707,649.7962538047225,1,slf,wml,ls,3,7,40
0.10261034965515137,632.3198971488954,1,llf,wml,fbs,3,7,40
0.007513284683227539,665.7248334837244,1,llf,wml,bf,3,7,40
0.01150059700012207,637.4318966958688,1,llf,wml,ls,3,7,40
0.10257220268249512,548.3213439502426,1,slf,wp,fbs,3,7,40
0.004507303237915039,608.9136071498466,1,slf,wp,bf,3,7,40
0.012574195861816406,583.2692010048713,1,slf,wp,ls,3,7,40
0.10156655311584473,548.3213439502426,1,llf,wp,fbs,3,7,40
0.007505893707275391,585.0198678166538,1,llf,wp,bf,3,7,40
0.011507511138916016,553.3166559301858,1,llf,wp,ls,3,7,40
0.14167308807373047,331.40174194784925,1,slf,ml,fbs,4,7,40
0.003998279571533203,375.1905217835447,1,slf,ml,bf,4,7,40
0.019011735916137695,339.40857889341294,1,slf,ml,ls,4,7,40
0.1421337127685547,331.40174194784925,1,llf,ml,fbs,4,7,40
0.006501436233520508,379.44314527591365,1,llf,ml,bf,4,7,40
0.019013643264770508,324.29674484185637,1,llf,ml,ls,4,7,40
0.10861325263977051,551.6439148324905,1,slf,wml,fbs,4,7,40
0.00500035285949707,444.5036078397825,1,slf,wml,bf,4,7,40
0.017014265060424805,441.8382457161239,1,slf,wml,ls,4,7,40
0.1091010570526123,551.6439148324905,1,llf,wml,fbs,4,7,40
0.00600123405456543,422.09660785906084,1,llf,wml,bf,4,7,40
0.017507553100585938,430.74446579924546,1,llf,wml,ls,4,7,40
0.1451716423034668,336.4980447578945,1,slf,wp,fbs,4,7,40
0.004999399185180664,383.7904550019399,1,slf,wp,bf,4,7,40
0.01801156997680664,339.8430801818954,1,slf,wp,ls,4,7,40
0.14715242385864258,336.4980447578945,1,llf,wp,fbs,4,7,40
0.007001638412475586,366.4670955514406,1,llf,wp,bf,4,7,40
0.018013715744018555,331.52194967813557,1,llf,wp,ls,4,7,40
0.11108183860778809,493.37698212566744,1,slf,ml,fbs,5,7,40
0.003997325897216797,324.187502723649,1,slf,ml,bf,5,7,40
0.026514053344726562,326.2809050578319,1,slf,ml,ls,5,7,40
0.11060333251953125,493.37698212566744,1,llf,ml,fbs,5,7,40
0.005435466766357422,392.25043563747414,1,llf,ml,bf,5,7,40
0.02509617805480957,310.59521205199695,1,llf,ml,ls,5,7,40
0.11005330085754395,636.4577639819609,1,slf,wml,fbs,5,7,40
0.005001068115234375,402.9030155423224,1,slf,wml,bf,5,7,40
0.024530410766601562,384.13151924822387,1,slf,wml,ls,5,7,40
0.11018013954162598,636.4577639819609,1,llf,wml,fbs,5,7,40
0.006001472473144531,440.1971588722703,1,llf,wml,bf,5,7,40
0.03053760528564453,392.0395611386908,1,llf,wml,ls,5,7,40
0.157928466796875,351.08200339275743,1,slf,wp,fbs,5,7,40
0.0054988861083984375,310.9048288397976,1,slf,wp,bf,5,7,40
0.02505350112915039,315.77557994671304,1,slf,wp,ls,5,7,40
0.15157437324523926,351.08200339275743,1,llf,wp,fbs,5,7,40
0.006499528884887695,355.82881191221514,1,llf,wp,bf,5,7,40
0.02551579475402832,292.43667449399743,1,llf,wp,ls,5,7,40
0.11562299728393555,576.5786983641876,1,slf,ml,fbs,3,9,40
0.0055005550384521484,607.0300968890516,1,slf,ml,bf,3,9,40
0.013015985488891602,609.1727817817828,1,slf,ml,ls,3,9,40
0.11465144157409668,576.5786983641876,1,llf,ml,fbs,3,9,40
0.007506370544433594,657.6720049000362,1,llf,ml,bf,3,9,40
0.012509346008300781,577.1204998205396,1,llf,ml,ls,3,9,40
0.1141047477722168,788.5536097067528,1,slf,wml,fbs,3,9,40
0.006516695022583008,841.1160667596628,1,slf,wml,bf,3,9,40
0.012503623962402344,803.7363548538042,1,slf,wml,ls,3,9,40
0.11463260650634766,788.5536097067528,1,llf,wml,fbs,3,9,40
0.007007122039794922,818.0586123482108,1,llf,wml,bf,3,9,40
0.013006210327148438,771.4364005128801,1,llf,wml,ls,3,9,40
0.10863900184631348,625.6291813357329,1,slf,wp,fbs,3,9,40
0.005501508712768555,659.6797236272239,1,slf,wp,bf,3,9,40
0.01351165771484375,632.7091963233246,1,slf,wp,ls,3,9,40
0.10910320281982422,625.6291813357329,1,llf,wp,fbs,3,9,40
0.007501840591430664,649.3932934082025,1,llf,wp,bf,3,9,40
0.012515783309936523,622.1375157689973,1,llf,wp,ls,3,9,40
0.11855125427246094,514.0608771755075,1,slf,ml,fbs,4,9,40
0.006507158279418945,465.4184009374174,1,slf,ml,bf,4,9,40
0.020007610321044922,409.9155006333276,1,slf,ml,ls,4,9,40
0.12005257606506348,514.0608771755075,1,llf,ml,fbs,4,9,40
0.00600123405456543,486.7054682011848,1,llf,ml,bf,4,9,40
0.019501447677612305,399.53812066520476,1,llf,ml,ls,4,9,40
0.1554396152496338,592.572126323785,1,slf,wml,fbs,4,9,40
0.0050008296966552734,623.7722618429068,1,slf,wml,bf,4,9,40
0.019010543823242188,592.1342562860686,1,slf,wml,ls,4,9,40
0.15313458442687988,592.572126323785,1,llf,wml,fbs,4,9,40
0.0069980621337890625,625.6588795951911,1,llf,wml,bf,4,9,40
0.019014596939086914,584.4505617244049,1,llf,wml,ls,4,9,40
0.15359830856323242,449.12644714412124,1,slf,wp,fbs,4,9,40
0.004997730255126953,464.6663361368261,1,slf,wp,bf,4,9,40
0.019011497497558594,461.2573098352062,1,slf,wp,ls,4,9,40
0.15513968467712402,449.12644714412124,1,llf,wp,fbs,4,9,40
0.007998943328857422,490.62915733909523,1,llf,wp,bf,4,9,40
0.0180056095123291,446.66148825709763,1,llf,wp,ls,4,9,40
0.18543195724487305,378.36107011166234,1,slf,ml,fbs,5,9,40
0.004000663757324219,498.66047944263687,1,slf,ml,bf,5,9,40
0.025156736373901367,390.0567390155429,1,slf,ml,ls,5,9,40
0.1855931282043457,378.36107011166234,1,llf,ml,fbs,5,9,40
0.0050585269927978516,520.8192410337427,1,llf,ml,bf,5,9,40
0.025299072265625,383.0062159474546,1,llf,ml,ls,5,9,40
0.149918794631958,572.5747922337489,1,slf,wml,fbs,5,9,40
0.005049467086791992,501.8833564839287,1,slf,wml,bf,5,9,40
0.02410125732421875,470.98193862364076,1,slf,wml,ls,5,9,40
0.15078067779541016,572.5747922337489,1,llf,wml,fbs,5,9,40
0.005066871643066406,528.6488318646601,1,llf,wml,bf,5,9,40
0.023614168167114258,460.2899989669814,1,llf,wml,ls,5,9,40
0.1843724250793457,405.47844909641407,1,slf,wp,fbs,5,9,40
0.004000663757324219,429.2925048089844,1,slf,wp,bf,5,9,40
0.023118019104003906,416.65698822445603,1,slf,wp,ls,5,9,40
0.18413996696472168,405.47844909641407,1,llf,wp,fbs,5,9,40
0.00600123405456543,475.60017771668447,1,llf,wp,bf,5,9,40
0.024168968200683594,391.93430618121505,1,llf,wp,ls,5,9,40
0.08982563018798828,470.3693115806923,1,slf,ml,fbs,3,3,50
0.007002353668212891,369.0527265521366,1,slf,ml,bf,3,3,50
0.014047861099243164,356.9091178990712,1,slf,ml,ls,3,3,50
0.08740711212158203,470.3693115806923,1,llf,ml,fbs,3,3,50
0.009029150009155273,367.2686196458444,1,llf,ml,bf,3,3,50
0.014044761657714844,370.3241458250931,1,llf,ml,ls,3,3,50
0.15570330619812012,404.44104030941185,1,slf,wml,fbs,3,3,50
0.007997274398803711,425.1548629450835,1,slf,wml,bf,3,3,50
0.014076948165893555,422.6274875083902,1,slf,wml,ls,3,3,50
0.15487337112426758,404.44104030941185,1,llf,wml,fbs,3,3,50
0.009051799774169922,428.3079785436318,1,llf,wml,bf,3,3,50
0.014056682586669922,422.1274875083902,1,llf,wml,ls,3,3,50
0.08714437484741211,507.7942166498175,1,slf,wp,fbs,3,3,50
0.008042335510253906,390.12051764557805,1,slf,wp,bf,3,3,50
0.014054298400878906,383.461833536224,1,slf,wp,ls,3,3,50
0.08735871315002441,507.7942166498175,1,llf,wp,fbs,3,3,50
0.00904703140258789,398.5077824819756,1,llf,wp,bf,3,3,50
0.014073610305786133,382.961833536224,1,llf,wp,ls,3,3,50
0.17238521575927734,384.39776091714464,1,slf,ml,fbs,4,3,50
0.00804591178894043,337.169347077743,1,slf,ml,bf,4,3,50
0.02258896827697754,335.92521002157605,1,slf,ml,ls,4,3,50
0.17267513275146484,384.39776091714464,1,llf,ml,fbs,4,3,50
0.01104426383972168,334.1869540962931,1,llf,ml,bf,4,3,50
0.02212238311767578,331.0581663353325,1,llf,ml,ls,4,3,50
0.17575693130493164,422.2903733249001,1,slf,wml,fbs,4,3,50
0.008043766021728516,366.2410759533001,1,slf,wml,bf,4,3,50
0.022080421447753906,364.8115277202937,1,slf,wml,ls,4,3,50
0.17444109916687012,422.2903733249001,1,llf,wml,fbs,4,3,50
0.01203775405883789,368.24316022969793,1,llf,wml,bf,4,3,50
0.02108931541442871,357.3819794872874,1,llf,wml,ls,4,3,50
0.171766996383667,378.603049512413,1,slf,wp,fbs,4,3,50
0.009045124053955078,332.3625143942422,1,slf,wp,bf,4,3,50
0.022073745727539062,332.00682489735505,1,slf,wp,ls,4,3,50
0.17142224311828613,378.603049512413,1,llf,wp,fbs,4,3,50
0.011083602905273438,330.0969734650391,1,llf,wp,bf,4,3,50
0.022096872329711914,326.2609934501508,1,llf,wp,ls,4,3,50
0.17018890380859375,425.1444971458507,1,slf,ml,fbs,5,3,50
0.007044076919555664,310.29494167237846,1,slf,ml,bf,5,3,50
0.030124187469482422,304.1573904020728,1,slf,ml,ls,5,3,50
0.1686418056488037,425.1444971458507,1,llf,ml,fbs,5,3,50
0.01003408432006836,301.3596211331452,1,llf,ml,bf,5,3,50
0.02907729148864746,302.35477239773263,1,llf,ml,ls,5,3,50
0.09539294242858887,626.1566510469524,1,slf,wml,fbs,5,3,50
0.007035017013549805,313.11541927340136,1,slf,wml,bf,5,3,50
0.028601884841918945,311.80519431086054,1,slf,wml,ls,5,3,50
0.09455752372741699,626.1566510469524,1,llf,wml,fbs,5,3,50
0.010038137435913086,306.02118277379736,1,llf,wml,bf,5,3,50
0.029100894927978516,307.58270977458943,1,llf,wml,ls,5,3,50
0.17069315910339355,408.47060099789877,1,slf,wp,fbs,5,3,50
0.00704646110534668,308.34097032503166,1,slf,wp,bf,5,3,50
0.030129671096801758,292.3357762899486,1,slf,wp,ls,5,3,50
0.1692357063293457,408.47060099789877,1,llf,wp,fbs,5,3,50
0.010037422180175781,292.39284879251477,1,llf,wp,bf,5,3,50
0.02945733070373535,293.74153979034463,1,llf,wp,ls,5,3,50
0.17493891716003418,636.1433775344617,1,slf,ml,fbs,3,5,50
0.0090789794921875,673.3272762349809,1,slf,ml,bf,3,5,50
0.015156984329223633,660.5541695631869,1,slf,ml,ls,3,5,50
0.16930246353149414,636.1433775344617,1,llf,ml,fbs,3,5,50
0.010086297988891602,659.3631901685612,1,llf,ml,bf,3,5,50
0.01608753204345703,637.9597305684856,1,llf,ml,ls,3,5,50
0.1709890365600586,672.7133643590284,1,slf,wml,fbs,3,5,50
0.00799703598022461,698.9990296586539,1,slf,wml,bf,3,5,50
0.015147924423217773,701.6019679732367,1,slf,wml,ls,3,5,50
0.1683673858642578,672.7133643590284,1,llf,wml,fbs,3,5,50
0.011085748672485352,716.9930124851071,1,llf,wml,bf,3,5,50
0.015056610107421875,679.1160059023643,1,llf,wml,ls,3,5,50
0.16334986686706543,647.5408821329229,1,slf,wp,fbs,3,5,50
0.008001565933227539,677.4071202762791,1,slf,wp,bf,3,5,50
0.015170574188232422,668.6520298847597,1,slf,wp,ls,3,5,50
0.1648082733154297,647.5408821329229,1,llf,wp,fbs,3,5,50
0.010073184967041016,663.3982402152858,1,llf,wp,bf,3,5,50
0.015138864517211914,648.8610248364207,1,llf,wp,ls,3,5,50
0.18334484100341797,565.8979904300461,1,slf,ml,fbs,4,5,50
0.00905156135559082,485.62552131159765,1,slf,ml,bf,4,5,50
0.024117708206176758,482.4917957373968,1,slf,ml,ls,4,5,50
0.17675042152404785,565.8979904300461,1,llf,ml,fbs,4,5,50
0.011032342910766602,475.79439587920086,1,llf,ml,bf,4,5,50
0.024131298065185547,471.24412194964475,1,llf,ml,ls,4,5,50
0.16882038116455078,707.5309058826742,1,slf,wml,fbs,4,5,50
0.008999347686767578,577.0890319982726,1,slf,wml,bf,4,5,50
0.021642684936523438,561.0905979734259,1,slf,wml,ls,4,5,50
0.16979217529296875,707.5309058826742,1,llf,wml,fbs,4,5,50
0.012046575546264648,578.6155042462347,1,llf,wml,bf,4,5,50
0.022103309631347656,557.6997616289382,1,llf,wml,ls,4,5,50
0.17306804656982422,598.1853186178598,1,slf,wp,fbs,4,5,50
0.008038043975830078,496.93153296499526,1,slf,wp,bf,4,5,50
0.023298978805541992,484.65181750116545,1,slf,wp,ls,4,5,50
0.1737983226776123,598.1853186178598,1,llf,wp,fbs,4,5,50
0.011039257049560547,497.5123349112541,1,llf,wp,bf,4,5,50
0.023073911666870117,484.47407949078314,1,llf,wp,ls,4,5,50
0.1779470443725586,556.0038561167195,1,slf,ml,fbs,5,5,50
0.007071018218994141,398.15216988210085,1,slf,ml,bf,5,5,50
0.03330373764038086,386.80643560361574,1,slf,ml,ls,5,5,50
0.17852020263671875,556.0038561167195,1,llf,ml,fbs,5,5,50
0.011135101318359375,383.4714420860037,1,llf,ml,bf,5,5,50
0.03322863578796387,361.1082331990602,1,llf,ml,ls,5,5,50
0.17319798469543457,699.5910275395609,1,slf,wml,fbs,5,5,50
0.007053375244140625,469.1538983284767,1,slf,wml,bf,5,5,50
0.030191421508789062,452.49164160963187,1,slf,wml,ls,5,5,50
0.1689291000366211,699.5910275395609,1,llf,wml,fbs,5,5,50
0.010072708129882812,445.39690744685066,1,llf,wml,bf,5,5,50
0.030175447463989258,434.8045330263738,1,llf,wml,ls,5,5,50
0.22549986839294434,462.4084720869098,1,slf,wp,fbs,5,5,50
0.008060932159423828,413.06340431030844,1,slf,wp,bf,5,5,50
0.03124833106994629,392.5879853963889,1,slf,wp,ls,5,5,50
0.22615575790405273,462.4084720869098,1,llf,wp,fbs,5,5,50
0.011059999465942383,404.59722275846997,1,llf,wp,bf,5,5,50
0.03220844268798828,399.41092432898745,1,llf,wp,ls,5,5,50
0.17860698699951172,663.8951019700149,1,slf,ml,fbs,3,7,50
0.008052587509155273,712.3069621654895,1,slf,ml,bf,3,7,50
0.017084360122680664,681.8107288564086,1,slf,ml,ls,3,7,50
0.17806267738342285,663.8951019700149,1,llf,ml,fbs,3,7,50
0.010061264038085938,674.2403494909368,1,llf,ml,bf,3,7,50
0.016602039337158203,657.9698008242515,1,llf,ml,ls,3,7,50
0.18020296096801758,831.4965245779567,1,slf,wml,fbs,3,7,50
0.00904989242553711,890.3308021774806,1,slf,wml,bf,3,7,50
0.016097068786621094,851.5056510723072,1,slf,wml,ls,3,7,50
0.18155169486999512,831.4965245779567,1,llf,wml,fbs,3,7,50
0.010046958923339844,876.4123108558143,1,llf,wml,bf,3,7,50
0.017045021057128906,835.2348256851517,1,llf,wml,ls,3,7,50
0.18272829055786133,649.0822901878562,1,slf,wp,fbs,3,7,50
0.008044958114624023,667.8955846339478,1,slf,wp,bf,3,7,50
0.01605367660522461,664.4901548543406,1,slf,wp,ls,3,7,50
0.18204498291015625,649.0822901878562,1,llf,wp,fbs,3,7,50
0.010043144226074219,695.0102128714387,1,llf,wp,bf,3,7,50
0.017087459564208984,652.2489484861742,1,llf,wp,ls,3,7,50
0.18985342979431152,595.8560193039909,1,slf,ml,fbs,4,7,50
0.009075641632080078,504.3594054624899,1,slf,ml,bf,4,7,50
0.026134967803955078,484.90186300818675,1,slf,ml,ls,4,7,50
0.19114947319030762,595.8560193039909,1,llf,ml,fbs,4,7,50
0.011069059371948242,504.4690788575777,1,llf,ml,bf,4,7,50
0.026134490966796875,473.13017323940835,1,llf,ml,ls,4,7,50
0.24782776832580566,589.5217914674159,1,slf,wml,fbs,4,7,50
0.009079694747924805,606.5713076767822,1,slf,wml,bf,4,7,50
0.02523064613342285,602.4612666972967,1,slf,wml,ls,4,7,50
0.24438810348510742,589.5217914674159,1,llf,wml,fbs,4,7,50
0.012059926986694336,617.3681992685295,1,llf,wml,bf,4,7,50
0.02318549156188965,596.8083801944476,1,llf,wml,ls,4,7,50
0.24982023239135742,490.7120214593908,1,slf,wp,fbs,4,7,50
0.008997440338134766,503.2846434821359,1,slf,wp,bf,4,7,50
0.024232864379882812,498.9640750108104,1,slf,wp,ls,4,7,50
0.2512977123260498,490.7120214593908,1,llf,wp,fbs,4,7,50
0.011070013046264648,501.17781926487373,1,llf,wp,bf,4,7,50
0.025197267532348633,477.60882575428013,1,llf,wp,ls,4,7,50
0.1853044033050537,545.6281438130183,1,slf,ml,fbs,5,7,50
0.008059263229370117,396.2599584069203,1,slf,ml,bf,5,7,50
0.03514242172241211,367.38952818870393,1,slf,ml,ls,5,7,50
0.1870725154876709,545.6281438130183,1,llf,ml,fbs,5,7,50
0.011046409606933594,415.27164192433247,1,llf,ml,bf,5,7,50
0.03620600700378418,361.4313258058751,1,llf,ml,ls,5,7,50
0.26040077209472656,568.4111062313148,1,slf,wml,fbs,5,7,50
0.009002208709716797,508.88808342149224,1,slf,wml,bf,5,7,50
0.032179832458496094,485.45303184760195,1,slf,wml,ls,5,7,50
0.2643575668334961,568.4111062313148,1,llf,wml,fbs,5,7,50
0.011067390441894531,494.27319384464715,1,llf,wml,bf,5,7,50
0.03423500061035156,476.9840065426328,1,llf,wml,ls,5,7,50
0.18759870529174805,544.4969925772671,1,slf,wp,fbs,5,7,50
0.007997512817382812,385.00023791067593,1,slf,wp,bf,5,7,50
0.03554725646972656,365.9212251619923,1,slf,wp,ls,5,7,50
0.18814563751220703,544.4969925772671,1,llf,wp,fbs,5,7,50
0.011065244674682617,406.6399202938835,1,llf,wp,bf,5,7,50
0.03516697883605957,349.5474327865523,1,llf,wp,ls,5,7,50
0.1931922435760498,836.2477885410923,1,slf,ml,fbs,3,9,50
0.009051322937011719,891.0737997225972,1,slf,ml,bf,3,9,50
0.019132375717163086,850.7700542044337,1,slf,ml,ls,3,9,50
0.19464921951293945,836.2477885410923,1,llf,ml,fbs,3,9,50
0.011058807373046875,892.7412959351607,1,llf,ml,bf,3,9,50
0.01912236213684082,832.4143653716015,1,llf,ml,ls,3,9,50
0.1859133243560791,967.0741128557645,1,slf,wml,fbs,3,9,50
0.009052753448486328,1024.2016845299274,1,slf,wml,bf,3,9,50
0.017058134078979492,964.5712236604845,1,slf,wml,ls,3,9,50
0.18402099609375,967.0741128557645,1,llf,wml,fbs,3,9,50
0.011070489883422852,1005.2996271284217,1,llf,wml,bf,3,9,50
0.01760554313659668,941.1270552646383,1,llf,wml,ls,3,9,50
0.19008445739746094,785.5994108658158,1,slf,wp,fbs,3,9,50
0.009065389633178711,817.067219450396,1,slf,wp,bf,3,9,50
0.01806163787841797,817.7439964198292,1,slf,wp,ls,3,9,50
0.19118976593017578,785.5994108658158,1,llf,wp,fbs,3,9,50
0.011133432388305664,832.5041393412516,1,llf,wp,bf,3,9,50
0.01806163787841797,775.2768449296686,1,llf,wp,ls,3,9,50
0.2720625400543213,553.5380513481769,1,slf,ml,fbs,4,9,50
0.010067939758300781,598.1967226068625,1,slf,ml,bf,4,9,50
0.028192520141601562,577.3100760957301,1,slf,ml,ls,4,9,50
0.26558923721313477,553.5380513481769,1,llf,ml,fbs,4,9,50
0.012037038803100586,616.4676270023901,1,llf,ml,bf,4,9,50
0.026312589645385742,574.6817011301385,1,llf,ml,ls,4,9,50
0.2548654079437256,670.8133209315795,1,slf,wml,fbs,4,9,50
0.009055614471435547,690.243168293841,1,slf,wml,bf,4,9,50
0.025156021118164062,676.4364170259712,1,slf,wml,ls,4,9,50
0.25885009765625,670.8133209315795,1,llf,wml,fbs,4,9,50
0.013123273849487305,700.4829672239154,1,llf,wml,bf,4,9,50
0.02612781524658203,677.7611696545505,1,llf,wml,ls,4,9,50
0.26343679428100586,559.2518196910671,1,slf,wp,fbs,4,9,50
0.010041952133178711,590.0446185958738,1,slf,wp,bf,4,9,50
0.02428579330444336,577.5317426381498,1,slf,wp,ls,4,9,50
0.2595045566558838,559.2518196910671,1,llf,wp,fbs,4,9,50
0.012037038803100586,589.9179103112621,1,llf,wp,bf,4,9,50
0.026310205459594727,559.5837048560375,1,llf,wp,ls,4,9,50
0.20511198043823242,719.33132081752,1,slf,ml,fbs,5,9,50
0.009001970291137695,491.588415540935,1,slf,ml,bf,5,9,50
0.03716444969177246,466.10754514974184,1,slf,ml,ls,5,9,50
0.20839858055114746,719.33132081752,1,llf,ml,fbs,5,9,50
0.012037992477416992,571.7671897749506,1,llf,ml,bf,5,9,50
0.036242008209228516,459.5501249037743,1,llf,ml,ls,5,9,50
0.19113564491271973,901.0895683208626,1,slf,wml,fbs,5,9,50
0.009052753448486328,564.5007839944535,1,slf,wml,bf,5,9,50
0.035179853439331055,562.6653933969127,1,slf,wml,ls,5,9,50
0.19265365600585938,901.0895683208626,1,llf,wml,fbs,5,9,50
0.011052131652832031,584.7140697451949,1,llf,wml,bf,5,9,50
0.03515362739562988,526.576050087222,1,llf,wml,ls,5,9,50
0.19196176528930664,728.9131702630117,1,slf,wp,fbs,5,9,50
0.009035587310791016,486.93703454621993,1,slf,wp,bf,5,9,50
0.035189151763916016,477.41750425537776,1,slf,wp,ls,5,9,50
0.19160723686218262,728.9131702630117,1,llf,wp,fbs,5,9,50
0.011031389236450195,548.1281675850275,1,llf,wp,bf,5,9,50
0.03733325004577637,441.659513961338,1,llf,wp,ls,5,9,50
